person_id,start_frame,end_frame,num_frames,total_dist_m,avg_instant_speed_m_s,max_speed_m_s,min_speed_m_s,total_time_s,avg_traj_speed_m_s
1,1,162,131,4.260485197063836,0.975000381071604,22.076868057250977,0.0170406475663185,5.403784162578837,0.7884262340764205
2,1,43,43,1.5477289807466503,1.0790547466901843,21.169414520263672,0.050207357853651,1.4343377715487036,1.0790547466901848
3,1,5,5,0.0781121489503789,0.4683446913957595,0.765499472618103,0.0485864728689193,0.1667834618079888,0.4683446913957595
4,1,22,22,0.5975869029488862,0.8143205791711807,1.9776177406311035,0.2779143452644348,0.7338472319551507,0.8143205791711808
5,1,18,18,1.5257963220640425,2.541213062074449,7.2950119972229,0.5523459911346436,0.6004204625087597,2.541213062074449
6,1,121,105,1.2154801492353793,0.3470368493315098,4.471765518188477,0.0007319260621443,4.036159775753329,0.3011476791719713
7,1,7,7,0.1148689195294437,0.4919506247554506,0.85330730676651,0.1422468721866607,0.2334968465311843,0.4919506247554506
8,1,24,22,2.896369577891023,3.946829056197947,16.286544799804688,0.5205702781677246,0.8005606166783462,3.617926634848118
9,1,45,37,3.215215510058921,2.605105912363207,22.722732543945312,0.1014601290225982,1.5010511562718991,2.1419759723875256
11,1,10,9,0.7868859794061337,2.6211164626810284,4.289515495300293,0.3943947255611419,0.3335669236159776,2.359004816412926
12,1,22,22,0.8977255321626657,1.223313917490569,6.391139507293701,0.1365087181329727,0.7338472319551507,1.2233139174905692
13,1,7,6,0.6717259689737386,3.356277863184611,5.401984691619873,1.8688993453979488,0.2334968465311843,2.876809597015381
14,1,29,26,4.00926974479686,4.6228409226124105,22.77750587463379,0.1286994367837906,0.967344078486335,4.144615999583541
15,1,17,17,1.064244388063721,1.8767631509724785,7.032600402832031,0.1775944977998733,0.5670637701471619,1.8767631509724785
20,1,288,236,4.95364745753036,0.6292599809407335,30.805234909057617,0.0066777006722986,9.606727400140157,0.515643595493101
21,1,35,18,1.3682939555984155,2.2788929442564645,11.872733116149902,0.1821954250335693,1.1674842326559216,1.1720020856176103
62,12,17,6,0.1530432480256208,0.7646803744137287,1.500684380531311,0.1118376180529594,0.2001401541695865,0.7646803744137287
85,19,64,44,0.6408271783348056,0.436621649868109,2.0689263343811035,0.0438779070973396,1.5344078486334969,0.4176380998738434
100,23,74,51,6.4821058364998825,3.810333262763771,19.951534271240234,0.2117549926042556,1.7345480028030835,3.737057623095237
103,24,33,10,0.8549109773403628,2.562936900556088,17.141639709472656,0.1775993555784225,0.3335669236159776,2.562936900556087
115,27,31,5,0.1621158540499486,0.9720139652490616,2.460014581680298,0.0804170072078704,0.1667834618079888,0.9720139652490616
131,31,57,20,2.1117423256711687,3.165395271778107,8.381478309631348,0.1431753635406494,0.9006306937631395,2.344737238354153
133,31,37,7,0.1607980902995274,0.6886520854064396,1.025844931602478,0.3526292443275451,0.2334968465311843,0.6886520854064396
134,32,45,14,0.4022326647024014,0.8613235482147762,2.228311538696289,0.1549150645732879,0.4669936930623686,0.8613235482147761
135,32,100,61,2.660384274270456,1.3074694721669446,6.103355884552002,0.1189446374773979,2.301611772950245,1.1558788087272989
136,32,47,9,0.818518147806062,2.726483186086019,13.858707427978516,0.34773850440979,0.5337070777855641,1.5336467921733856
146,34,68,13,0.5017497946769939,1.157073298325905,2.916670083999634,0.1393117606639862,1.1674842326559216,0.4297700822353362
155,37,56,14,1.010848977921639,2.164588072470256,3.882150888442993,0.5234931111335754,0.6671338472319552,1.5152116507291793
157,38,129,92,1.362463766413714,0.4439705413482759,0.8171562552452087,0.1052580401301384,3.0688156972669938,0.4439705413482759
174,42,87,46,2.0160498361567267,1.3138943716640703,3.877652406692505,0.019554691389203,1.5344078486334969,1.3138943716640703
186,45,48,4,0.3602184365158242,2.699746370315552,3.367816686630249,2.3081696033477783,0.133426769446391,2.699746370315552
193,49,100,52,4.025395507710583,2.3207172711308184,69.64293670654297,0.1254277527332306,1.7345480028030835,2.3207172711308184
205,52,59,8,0.1211218406196315,0.4538888302631676,1.638211965560913,0.0613533444702625,0.266853538892782,0.4538888302631676
214,57,65,9,0.1534092088470779,0.5110059314303927,0.9207911491394044,0.2782934308052063,0.3002102312543798,0.5110059314303927
235,65,113,45,2.751367661942739,1.832960622592105,11.178200721740724,0.0388605408370494,1.6344779257182902,1.6833311840131573
236,65,106,42,0.861700814448626,0.6150695589326677,9.183940887451172,0.008914366364479,1.4009810791871058,0.6150695589326677
239,66,92,26,0.8133394952892171,0.9378114574803756,1.884771704673767,0.1082769557833671,0.9006306937631395,0.9030776997959172
240,66,71,6,0.3210113176868441,1.6039325992266338,2.6501262187957764,0.8439958691596985,0.2001401541695865,1.6039325992266338
243,67,172,75,1.3895921046761426,0.5554476003845533,7.414287090301514,0.0691960230469703,3.5358093903293626,0.3930053776305802
263,75,87,13,1.6578401307501658,3.8231057960253496,15.852182388305664,0.0809631049633026,0.4336370007007709,3.8231057960253496
265,76,100,25,1.4263042744006322,1.710366554260254,5.784306526184082,0.2881809175014496,0.833917309039944,1.7103665542602535
281,84,90,7,0.4705154658700506,2.015082742486681,5.3257317543029785,0.804879367351532,0.2334968465311843,2.015082742486681
284,85,86,2,0.0952303929018155,1.427455574274063,2.3846280574798584,0.4702830910682678,0.0667133847231955,1.427455574274063
285,85,95,11,0.1794074871444836,0.4889505044980483,1.5478054285049438,0.071228377521038,0.3669236159775753,0.4889505044980483
291,151,152,2,0.2229547325513876,3.3419790267944336,3.826998710632324,2.856959342956543,0.0667133847231955,3.3419790267944336
292,89,92,4,0.1986384920749784,1.4887454211711884,2.5547351837158203,0.7165197134017944,0.133426769446391,1.4887454211711884
308,92,94,3,0.4499820904374206,4.496669769287109,6.639377117156982,2.3146328926086426,0.1000700770847932,4.496669769287109
309,93,98,6,0.0177255212404382,0.0885655420521895,0.1601183861494064,0.0315724276006221,0.2001401541695865,0.0885655420521895
317,95,101,7,0.5347191342792899,2.2900486333029613,3.282310485839844,0.9493952989578248,0.2334968465311843,2.290048633302961
319,95,149,55,0.6914538676755865,0.3768925397910855,0.7783982753753662,0.0499207116663455,1.8346180798878768,0.3768925397910855
321,96,132,37,0.5311517801791033,0.4303620203926757,1.243816375732422,0.0959199965000152,1.2341976173791172,0.4303620203926755
322,96,110,15,1.2005289190995083,2.3993764251470564,8.717809677124023,0.1478144377470016,0.5003503854239664,2.3993764251470564
327,99,121,23,0.2357158986625758,0.3072402150086734,0.5877002477645874,0.0751335397362709,0.7672039243167484,0.3072402150086735
331,101,105,5,0.1605858375412981,0.9628402948379516,2.617906332015991,0.3506317436695099,0.1667834618079888,0.9628402948379516
354,111,200,90,1.4472445357990331,0.4820770197444491,1.1563758850097656,0.1146387606859207,3.0021023125437982,0.4820770197444492
361,134,246,113,1.1133044602718798,0.2953605757432833,6.529339790344238,0.0095344129949808,3.769306236860547,0.2953605757432833
365,114,114,1,0.067682344694612,2.029048442840576,2.029048442840576,2.029048442840576,0.0333566923615977,2.029048442840576
377,121,131,11,0.4981106128739409,1.3575321706858547,2.8000502586364746,0.4852959513664245,0.3669236159775753,1.357532170685855
387,132,166,17,0.3727355670285709,0.657308025395169,1.66895854473114,0.1334900856018066,1.1674842326559216,0.319263898049082
389,132,132,1,0.1311155424806398,3.93071174621582,3.93071174621582,3.93071174621582,0.0333566923615977,3.93071174621582
392,132,145,14,0.6139479033664632,1.3146813596997942,3.735854148864746,0.1068754643201828,0.4669936930623686,1.3146813596997944
399,135,225,90,0.8882690164838156,0.2958823264524755,1.090278387069702,0.0055985408835113,3.035459004905396,0.292630872315635
412,141,269,78,4.27941943648067,1.6447779400608478,11.770359992980955,0.0856295451521873,4.303013314646111,0.99451689399028
415,142,143,2,0.082715965862782,1.239870622754097,2.2079763412475586,0.2717649042606354,0.0667133847231955,1.239870622754097
420,143,335,168,3.018181133853989,0.5385834931484645,5.8664093017578125,0.0617984272539615,6.437841625788368,0.4688187919634303
424,144,333,181,4.608801905191605,0.7633548816923279,5.440620422363281,0.0923789739608764,6.337771548703574,0.7271959662437439
426,145,227,83,1.09411942007956,0.3951879144612565,0.9794465899467468,0.0917651429772377,2.768605466012614,0.3951879144612565
447,152,180,29,4.256213868399476,4.39989654462913,14.676628112792969,0.2958559691905975,0.967344078486335,4.39989654462913
459,155,304,121,1.8486626067541447,0.4580251301892779,7.06022310256958,0.0175512675195932,5.003503854239664,0.3694736050193508
478,159,180,22,1.8451610825992415,2.5143667540766974,29.840717315673828,0.2811222970485687,0.7338472319551507,2.514366754076698
483,160,160,1,0.0036164346489775,0.1084170639514923,0.1084170639514923,0.1084170639514923,0.0333566923615977,0.1084170639514923
497,173,179,7,0.0757548858882166,0.3244364410638809,0.4970085024833679,0.1469032168388366,0.2334968465311843,0.3244364410638809
500,166,301,116,2.702750279112721,0.6984976543563193,4.790191173553467,0.107077918946743,4.536510161177295,0.5957774110686253
518,173,360,180,5.161831557890107,0.8597028049847318,4.870784282684326,0.0282802376896142,6.271058163980379,0.8231197069002751
523,175,176,2,0.0266441719174468,0.3993827030062675,0.5599220991134644,0.2388433068990707,0.0667133847231955,0.3993827030062675
524,175,212,38,1.1367050606634703,0.8967703016180741,3.092548370361328,0.0666272118687629,1.267554309740715,0.896770301618074
528,177,188,12,0.1726042678661921,0.4312084913253784,0.9846214056015016,0.169910728931427,0.4002803083391731,0.4312084913253784
548,189,202,14,0.2937343917573008,0.6289900615811348,3.282660722732544,0.199647769331932,0.4669936930623686,0.6289900615811348
560,196,202,7,0.166541049834641,0.7132475333554404,1.4639079570770264,0.1600838452577591,0.2334968465311843,0.7132475333554404
579,199,399,163,4.830206274972692,0.888372474401458,21.51621437072754,0.0468139760196208,6.70469516468115,0.7204214593404857
588,205,219,15,0.7658666532066375,1.530660664041837,2.8180384635925293,0.2028443664312362,0.5003503854239664,1.5306606640418372
592,207,214,8,0.4360713018285869,1.6341222366318109,4.213711261749268,0.0906227305531501,0.266853538892782,1.6341222366318109
593,208,231,20,1.2253011414991364,1.8366646312177184,18.167619705200195,0.185114786028862,0.8005606166783462,1.5305538593480985
603,213,221,9,1.0969372337317251,3.653896901342604,10.761343002319336,0.2685317993164062,0.3002102312543798,3.653896901342604
612,218,319,68,0.6719915187541075,0.296259236672674,2.969979286193848,0.0114949829876422,3.4023826208829715,0.1975061577817826
623,228,483,222,3.841559939634658,0.5187661853526626,24.811595916748047,0.0409051105380058,8.539313244569026,0.4498675513605121
629,230,230,1,0.0740048884342998,2.218591928482056,2.218591928482056,2.218591928482056,0.0333566923615977,2.218591928482056
635,232,284,53,2.499172931930968,1.4136355533000995,10.324267387390137,0.012629497796297,1.7679046951646813,1.4136355533000995
636,232,293,62,1.602965376710424,0.7750852509371696,2.161024808883667,0.1536452025175094,2.068114926419061,0.7750852509371696
638,233,233,1,0.1370407536218612,4.108343601226807,4.108343601226807,4.108343601226807,0.0333566923615977,4.108343601226807
655,239,671,365,12.583305312843487,1.033520011593626,30.698286056518555,0.0566147752106189,14.44344779257183,0.8712120190107933
659,240,284,45,0.8217067371121887,0.5474208748175038,2.165291547775269,0.0220781229436397,1.5010511562718991,0.5474208748175038
660,240,250,11,1.3291928602584862,3.622532871636477,11.37642765045166,0.5092313885688782,0.3669236159775753,3.6225328716364777
665,242,249,8,0.2498725348782021,0.9363658279180528,1.645484447479248,0.1192249655723571,0.266853538892782,0.9363658279180528
666,242,262,21,1.2555764568712466,1.7924245737847828,7.282031536102295,0.1351774930953979,0.7004905395935529,1.7924245737847828
671,244,307,64,2.9946991870306388,1.4027822150383145,6.775615215301514,0.1587230116128921,2.134828311142257,1.4027822150383145
692,255,267,13,0.7043450355070324,1.6242733769691908,5.297951698303223,0.2239911705255508,0.4336370007007709,1.6242733769691906
699,258,270,13,0.5689376159238916,1.312013538984152,3.529521942138672,0.2664896249771118,0.4336370007007709,1.312013538984152
707,259,261,3,0.0400456532178095,0.4001761004328727,0.7516122460365295,0.0657832995057106,0.1000700770847932,0.4001761004328727
716,263,264,2,0.0534488771875671,0.8011717200279236,0.918887972831726,0.6834554672241211,0.0667133847231955,0.8011717200279235
718,280,280,1,0.1184167732286887,3.550015449523926,3.550015449523926,3.550015449523926,0.0333566923615977,3.550015449523926
724,264,287,11,0.4422817423699532,1.205378239805048,2.5148684978485107,0.0631338357925415,0.8005606166783462,0.5524650265773138
727,265,267,3,0.0741484364764875,0.7409651180108389,1.0852707624435425,0.4153211414813995,0.1000700770847932,0.7409651180108388
731,266,408,112,11.24022503257132,3.0086661767480627,46.296966552734375,0.0224788784980773,4.77000700770848,2.356437844725756
738,270,368,90,2.077308332150999,0.6919512114798029,5.916058540344238,0.0110773015767335,3.302312543798178,0.6290465558907299
756,280,299,18,0.3478991869578599,0.5794259334603945,1.58016836643219,0.1386913955211639,0.6671338472319552,0.5214833401143552
774,287,337,45,1.7365800721251057,1.1569093197584153,4.657467842102051,0.0992416441440582,1.7011913104414855,1.0208023409633076
788,294,444,151,3.9501968938473566,0.7842577449385298,33.02125549316406,0.0290098153054714,5.036860546601262,0.7842577449385298
789,295,299,5,0.208949568652572,1.2528194725513455,2.5887997150421143,0.1572280526161193,0.1667834618079888,1.2528194725513455
807,301,684,349,4.595719073487794,0.3947708409300933,17.932504653930664,0.0056982655078172,12.80896986685354,0.3587891236578192
826,307,684,331,3.4508343346953425,0.3125454184931233,7.284627437591553,0.0021448601037263,12.608829712683953,0.2736839511143487
833,309,487,148,2.653199453483001,0.5374340818930619,8.68758773803711,0.0134520763531327,5.970847932725999,0.4443589056992914
853,317,338,8,2.236140889138213,8.379656115546823,33.18474578857422,0.1261921375989914,0.7338472319551507,3.0471476783806626
858,318,354,34,4.067130993293062,3.5861319373635685,11.230205535888672,0.4461164176464081,1.2341976173791172,3.295364482982738
859,318,422,84,1.484712656190294,0.5298831933732366,9.056310653686523,0.0120061142370104,3.502452697967765,0.4239065546985893
863,319,320,2,0.2750584677874666,4.122987747192383,5.80323600769043,2.442739486694336,0.0667133847231955,4.122987747192383
873,321,324,4,0.1788671045513861,1.3405638560652733,2.512229681015014,0.3627544939517975,0.133426769446391,1.3405638560652733
884,326,364,39,1.8994419131879636,1.4600859783016715,5.289700508117676,0.0458991825580596,1.3009110021023127,1.4600859783016715
904,331,332,2,0.0087316368017985,0.1308828331530094,0.1599823236465454,0.1017833426594734,0.0667133847231955,0.1308828331530094
907,332,341,10,0.3232890134268736,0.9691878616809844,1.9457848072052,0.1281124502420425,0.3335669236159776,0.9691878616809844
921,338,340,3,0.0752098811950897,0.7515721321105957,1.5166980028152466,0.1069972515106201,0.1000700770847932,0.7515721321105958
957,345,346,2,0.079603217344812,1.19321209192276,2.0356760025024414,0.3507481813430786,0.0667133847231955,1.19321209192276
989,354,358,5,0.3113944511826672,1.8670583270490169,5.98081111907959,0.0382399670779705,0.1667834618079888,1.8670583270490169
1025,367,381,5,0.0862106475177643,0.5169016554951668,1.0220565795898438,0.0913427844643592,0.5003503854239664,0.1723005518317222
1030,362,367,6,0.2158729426494911,1.0786088556051254,1.629678726196289,0.2884542047977447,0.2001401541695865,1.0786088556051254
1036,363,390,28,2.453473293174583,2.6268805442377925,19.33388900756836,0.0558911375701427,0.9339873861247372,2.6268805442377925
1042,366,385,8,2.024317244607916,7.585873708128929,21.89436149597168,0.8922693729400635,0.6671338472319552,3.0343494832515714
1044,366,436,52,2.24145414646305,1.292241058097436,5.287299633026123,0.0853629857301712,2.368325157673441,0.9464300707192488
1058,370,382,13,0.1603990615061638,0.3698924705386162,0.6598949432373047,0.1131872907280922,0.4336370007007709,0.3698924705386162
1059,370,382,13,0.2082723218950259,0.4802918606079541,1.818717360496521,0.1545203328132629,0.4336370007007709,0.4802918606079542
1103,380,422,32,5.666477258224628,5.30860231583938,54.05238342285156,0.1329505145549774,1.4343377715487036,3.950587769926981
1113,382,429,22,0.4437756037077205,0.6047247770157728,4.350478649139404,0.0413136631250381,1.6011212333566924,0.2771655227988958
1141,388,407,19,1.1610865836429196,1.832010786000051,6.135333061218262,0.0892965346574783,0.6671338472319552,1.7404102467000484
1153,394,397,4,0.0889567512687303,0.6667084246873856,1.2150027751922607,0.1790133118629455,0.133426769446391,0.6667084246873856
1159,396,399,4,0.4842382546981566,3.629243642091751,5.893398761749268,1.3727535009384155,0.133426769446391,3.629243642091752
1160,397,742,328,6.327041466878734,0.578287570021774,16.451595306396484,0.0424161218106746,11.541415557112824,0.5482032455697743
1175,402,418,17,1.1328900621082705,1.9978177442270169,4.088403701782227,0.7403382062911987,0.5670637701471619,1.9978177442270169
1183,403,407,5,0.0819094622195727,0.4911126159131527,1.553386926651001,0.0483320914208889,0.1667834618079888,0.4911126159131526
1187,404,434,21,2.684095342976277,3.8317367491267977,14.056053161621094,0.2455524802207946,1.0340574632095303,2.59569263650525
1193,407,512,93,2.171917941889608,0.7001280615967448,3.6837737560272217,0.015323294326663,3.5358093903293626,0.6142632993254459
1196,408,408,1,0.0314846300126458,0.9438774585723876,0.9438774585723876,0.9438774585723876,0.0333566923615977,0.9438774585723876
1220,424,429,6,0.1379001560541994,0.6890179365873337,2.104351282119751,0.1917221248149871,0.2001401541695865,0.6890179365873338
1234,432,496,65,4.564869080015055,2.1053872583004143,38.83469772338867,0.1364901065826416,2.1681850035038543,2.1053872583004147
1243,434,717,267,2.048304793524694,0.2299854389229642,14.880427360534668,0.0032922660466283,9.473300630693764,0.2162187049029277
1257,441,483,43,2.6535164089660674,1.849994095952012,7.126146793365479,0.3665567934513092,1.4343377715487036,1.849994095952012
1279,450,491,18,2.4785132498112943,4.127962660458353,25.02980613708496,0.3018440306186676,1.4009810791871058,1.7691268544821517
1284,452,458,7,0.9413375819071907,4.031478779656546,8.76958179473877,1.2133307456970217,0.2334968465311843,4.031478779656546
1295,455,476,22,1.1892223262273105,1.6205311874774369,12.1060791015625,0.0943554118275642,0.7338472319551507,1.620531187477437
1306,457,466,10,1.0670816148839468,3.199003076553345,6.725531101226807,0.9116934537887572,0.3335669236159776,3.1990030765533444
1322,463,569,107,2.143369358142064,0.600523850245175,4.110692501068115,0.042586114257574,3.5691660826909604,0.600523850245175
1336,478,491,14,0.0863400116427093,0.1848847488207476,0.4724592864513397,0.0708231031894683,0.4669936930623686,0.1848847488207476
1366,491,507,15,0.3243037567430221,0.6481533065438271,3.859975099563599,0.0316669829189777,0.5670637701471619,0.5718999763622004
1367,491,514,23,0.3170734339741534,0.413284426636022,1.2576948404312134,0.0336648859083652,0.8005606166783462,0.3960642421928544
1373,494,494,1,0.0594739165436411,1.782968044281006,1.782968044281006,1.782968044281006,0.0333566923615977,1.782968044281006
1378,497,568,72,1.8080040741442969,0.7528074853536155,3.6068694591522217,0.1180067807435989,2.4016818500350388,0.7528074853536155
1383,499,539,31,1.3892328719701814,1.3434774385344597,6.706960201263428,0.1840767711400985,1.3676243868255082,1.0158000145016646
1389,505,553,49,1.5999805922420944,0.9788939740736874,11.232213973999023,0.0327814929187297,1.6344779257182902,0.9788939740736876
1390,505,516,12,0.3437171745734693,0.8586911906798681,1.6372078657150269,0.3483646810054779,0.4002803083391731,0.8586911906798681
1404,515,569,53,2.662155038120451,1.505824972014382,15.757464408874512,0.0833883732557296,1.8346180798878768,1.4510677003047685
1408,517,526,7,0.0503632101297545,0.2156911790370941,0.5710919499397278,0.0832659378647804,0.3335669236159776,0.1509838253259658
1414,519,575,50,1.0396376704211074,0.6233457797020674,2.957223653793335,0.0169210508465766,1.9013314646110724,0.5467945435983046
1426,532,539,6,0.2831917066630903,1.4149669657150905,3.5548551082611084,0.3146277964115143,0.266853538892782,1.0612252242863178
1427,526,587,60,2.044474764127538,1.0215215295553208,6.365718364715576,0.0990886092185974,2.068114926419061,0.9885692221503104
1438,531,720,155,4.41288493900353,0.8535086484085168,31.64535140991211,0.0180342029780149,6.337771548703574,0.6962833710701058
1454,536,578,36,1.5294795482703332,1.27367373680075,9.732168197631836,0.181536316871643,1.4343377715487036,1.066331500577372
1480,544,600,43,1.5394861543844778,1.0733079647775303,8.729656219482422,0.0321573056280612,1.9013314646110724,0.8096884646567336
1481,543,543,1,0.0256980947956975,0.7704029679298401,0.7704029679298401,0.7704029679298401,0.0333566923615977,0.7704029679298401
1484,544,625,41,3.970276246120149,2.903045810213903,38.17756652832031,0.1530405133962631,2.7352487736510165,1.4515229051069514
1504,557,571,15,0.1751944929215151,0.3501436154047648,0.7562838196754456,0.104848176240921,0.5003503854239664,0.3501436154047648
1526,566,573,8,0.3082772312961263,1.1552300658077002,4.541815280914307,0.1738056987524032,0.266853538892782,1.1552300658077002
1535,569,590,22,1.2519859952532335,1.706058074127544,21.736143112182617,0.0813918784260749,0.7338472319551507,1.7060580741275442
1553,577,715,98,3.503553860984905,1.0717654260901772,27.375633239746094,0.0460017099976539,4.636580238262089,0.7556331781067437
1560,580,811,190,3.977326994164264,0.6275592238691292,9.115666389465332,0.0375650711357593,7.73875262789068,0.51394936437558
1567,584,596,13,0.8424558848142625,1.9427675301065808,10.842458724975586,0.0496435984969139,0.4336370007007709,1.9427675301065808
1569,586,587,2,0.0997061723249311,1.4945452511310575,2.0128424167633057,0.9762480854988098,0.0667133847231955,1.4945452511310575
1579,589,589,1,0.0608669068484182,1.8247284889221191,1.8247284889221191,1.8247284889221191,0.0333566923615977,1.8247284889221191
1581,592,596,5,0.5510547725445922,3.304013279080391,11.266397476196287,0.1193127781152725,0.1667834618079888,3.3040132790803907
1589,593,614,22,1.45353019419632,1.9806986126032744,12.53316879272461,0.3592666089534759,0.7338472319551507,1.9806986126032744
1599,602,605,4,0.4354750735407203,3.2637758925557137,6.470971584320068,0.44770148396492,0.133426769446391,3.263775892555713
1606,604,609,6,0.0395660602616194,0.1976917646825313,0.5577250123023987,0.0383586212992668,0.2001401541695865,0.1976917646825313
1607,605,661,46,1.2413977139549148,0.8090402529291485,3.54106879234314,0.1264978349208831,1.9013314646110724,0.6529096778024707
1609,607,743,55,3.368947930583377,1.836321121826768,23.14777374267578,0.0161043908447027,4.569866853538893,0.7372092094924981
1611,607,696,71,1.7091783164407126,0.7216822871230018,12.124218940734863,0.0982493832707405,3.0021023125437982,0.569327137619257
1614,608,615,8,0.259476617540441,0.972355917096138,2.494836807250977,0.1846767663955688,0.266853538892782,0.972355917096138
1616,609,611,3,0.0226189715708145,0.2260313195486863,0.4065332114696502,0.0398896373808383,0.1000700770847932,0.2260313195486863
1619,612,754,101,4.981629499367529,1.4786557316743203,13.34373664855957,0.0296439137309789,4.77000700770848,1.044365237056688
1635,620,696,48,2.907906097250964,1.8161685927771032,10.875749588012695,0.0723215192556381,2.568465311843028,1.1321570448480642
1640,622,792,143,4.519276845127282,0.9474361018388422,17.411701202392578,0.0449942238628864,5.7039943938332165,0.7923003658652306
1642,623,677,54,1.8789349141451723,1.043121740773872,9.174163818359377,0.1408831179141998,1.8346180798878768,1.0241558909416195
1646,626,685,35,1.880280734077566,1.6105405807495117,5.031275272369385,0.1783874630928039,2.001401541695865,0.9394820054372152
1650,628,639,12,0.4414580144578122,1.1028721754749615,2.30129623413086,0.1827488839626312,0.4002803083391731,1.1028721754749615
1652,629,635,7,0.5723708143038774,2.4512999760253087,9.876623153686523,0.0554739385843277,0.2334968465311843,2.4512999760253087
1661,633,650,18,1.1247537603892892,1.873276862833235,4.160912990570068,0.4264673590660095,0.6004204625087597,1.8732768628332348
1666,635,650,16,0.2568634594330524,0.4812817182391882,1.146161675453186,0.0970001146197319,0.5337070777855641,0.4812817182391882
1691,645,652,8,0.4098190031230408,1.5357450563460588,4.201113224029541,0.1221935302019119,0.266853538892782,1.5357450563460588
1696,646,687,14,0.8833836595349656,1.8916393789861885,7.131301403045654,0.1037349849939346,1.4009810791871058,0.6305464596620628
1708,655,736,49,7.657593944403536,4.68503968387234,36.55949401855469,0.3150816857814789,2.7352487736510165,2.7995968842651786
1728,662,800,77,1.2257904487436857,0.4772462540535958,2.517585277557373,0.021149706095457,4.636580238262089,0.2643738241879631
1733,664,712,43,1.7215567858786582,1.200245032953315,31.202009201049805,0.0207666959613561,1.6344779257182902,1.0532762534080111
1734,664,681,18,0.8672388254259548,1.4443858588735263,6.021240234375,0.1961911469697952,0.6004204625087597,1.4443858588735263
1747,667,749,83,1.333532495871865,0.4816621625010507,0.8853837847709656,0.0530316270887851,2.768605466012614,0.4816621625010508
1753,668,678,11,0.8796351152863132,2.397324884479696,7.390524864196777,0.2162768542766571,0.3669236159775753,2.3973248844796964
1767,674,693,19,0.5052784641012915,0.7972494120660581,2.2292556762695312,0.1658153980970382,0.6671338472319552,0.7573869414627551
1785,681,736,56,1.1549632616596952,0.618297034209328,2.681647062301636,0.0878594890236854,1.8679747722494744,0.618297034209328
1796,684,695,12,0.2914201091554671,0.7280400836219391,1.7961946725845337,0.1167191341519355,0.4002803083391731,0.7280400836219391
1798,710,765,35,0.8091672528631719,0.6930862363960062,1.901985764503479,0.043434988707304,1.8679747722494744,0.4331788977475038
1806,689,692,4,0.0356853186833582,0.2674524672329426,0.539340078830719,0.133710891008377,0.133426769446391,0.2674524672329426
1816,693,711,6,1.71705911752638,8.579283475875854,15.798916816711426,2.011947631835937,0.6337771548703575,2.7092474134344804
1831,697,842,117,5.871946514043344,1.5045729504309149,38.61925506591797,0.0810921564698219,4.870077084793273,1.2057194191809386
1843,700,708,9,0.0848071065079355,0.2824923925929599,0.6250845789909363,0.0550652481615543,0.3002102312543798,0.2824923925929599
1844,700,727,10,0.9498313644672494,2.8474986493587493,8.902238845825195,0.7435236573219299,0.9339873861247372,1.0169638033424104
1862,705,775,71,4.81850910259446,2.0345639985212136,30.670785903930664,0.1553619652986526,2.368325157673441,2.0345639985212136
1865,706,707,2,0.3504188090500166,5.252601265907288,7.282956123352051,3.2222464084625244,0.0667133847231955,5.252601265907288
1889,711,948,208,6.173232185301784,0.8897465183041416,27.229084014892575,0.0556705221533775,7.938892782060266,0.7775935958288297
1894,712,713,2,0.3281253574106688,4.918433666229248,5.015827178955078,4.821040153503418,0.0667133847231955,4.918433666229248
1903,727,894,163,4.218123011704543,0.7757980019722613,17.89627456665039,0.0594027340412139,5.603924316748423,0.752708775723087
1907,716,719,4,0.2125836124141148,1.593260582536459,4.247325897216797,0.2373308390378952,0.133426769446391,1.5932605825364592
1923,722,822,94,1.769208951239078,0.5642457476797256,3.4304986000061035,0.0722320526838302,3.3690259285213737,0.5251396067514278
1925,721,733,13,0.7233455885642881,1.6680901016180332,6.135614395141602,0.1536530405282974,0.4336370007007709,1.6680901016180334
1940,724,724,1,0.0892922643355414,2.676892042160034,2.676892042160034,2.676892042160034,0.0333566923615977,2.676892042160034
1956,728,748,21,2.0731293586892687,2.959539410613832,13.039061546325684,0.4876964688301086,0.7004905395935529,2.959539410613832
1957,729,734,6,0.5972066938417645,2.9839424093564357,4.511148929595947,1.501198649406433,0.2001401541695865,2.9839424093564357
1963,732,732,1,0.0290396757867675,0.8705801963806152,0.8705801963806152,0.8705801963806152,0.0333566923615977,0.8705801963806152
1964,732,857,74,3.727463326595343,1.5100755641186558,15.420421600341797,0.1313719898462295,4.202943237561318,0.8868697757522266
1965,733,930,118,8.914472922508375,2.264804312138487,28.22777366638184,0.0518761537969112,6.604625087596356,1.349731862789603
1982,736,804,66,1.389899464884085,0.6313300663323114,12.15300178527832,0.0596744716167449,2.301611772950245,0.6038809330135152
1983,736,805,25,3.106655601491942,3.725376086831093,25.887439727783203,0.1804849952459335,2.334968465311843,1.3304914595825332
1995,740,872,56,3.65816949969856,1.9583612980454093,26.183183670043945,0.0444331243634223,4.436440084092502,0.824573178124383
2004,742,777,30,1.1377225114918916,1.136925787044068,6.885900497436523,0.0210025161504745,1.2008409250175194,0.9474381558700568
2005,742,748,7,0.2177430021215671,0.9325308044041906,2.3763985633850098,0.1082775369286537,0.2334968465311843,0.9325308044041904
2035,750,765,16,1.2000115659868458,2.2484460407868028,15.647400856018066,0.13860484957695,0.5337070777855641,2.2484460407868028
2054,755,766,12,0.2465560995726294,0.6159586030989885,1.7659485340118408,0.0844226330518722,0.4002803083391731,0.6159586030989885
2057,755,762,8,0.6972992685598014,2.613041114062071,5.595352649688721,0.3663879334926605,0.266853538892782,2.613041114062071
2077,763,953,117,12.84706781538283,3.2918131459727245,37.99173355102539,0.0460772216320037,6.371128241065172,2.016450984705805
2106,774,779,6,0.1786153579142516,0.8924513856569926,1.4190223217010498,0.3286606073379516,0.2001401541695865,0.8924513856569927
2111,776,915,116,6.93351779885658,1.7918954467850512,15.166037559509276,0.101916953921318,4.669936930623686,1.4847133701933282
2112,777,783,7,0.571057772561229,2.4456765949726105,5.627831935882568,0.2759183347225189,0.2334968465311843,2.4456765949726105
2117,778,895,86,11.231413954698963,3.915191448445237,33.17935562133789,0.09798613935709,3.936089698668536,2.853444614968563
2128,781,790,10,0.9094835368001386,2.726539930701256,7.263723850250244,0.3239564597606659,0.3335669236159776,2.7265399307012554
2133,782,844,29,4.267019968460554,4.411067440592009,14.94009780883789,0.5338159203529358,2.101471618780659,2.030491361542354
2148,786,903,110,3.24978910806134,0.8856854578310793,7.667099475860596,0.1140438020229339,3.936089698668536,0.8256389861137181
2149,786,792,7,0.0747702269806424,0.3202194294759205,0.5552455186843872,0.0694870799779892,0.2334968465311843,0.3202194294759205
2173,800,820,4,0.629284808655761,4.716330997645855,13.47476291656494,0.3316653668880462,0.7004905395935529,0.8983487614563535
2197,795,798,4,0.1074926796373823,0.8056305348873138,1.1002141237258911,0.5678303837776184,0.133426769446391,0.8056305348873138
2218,800,870,71,1.4301736197859238,0.6038755342154436,1.7770116329193115,0.0451259464025497,2.368325157673441,0.6038755342154436
2225,801,821,21,0.5086205267371544,0.7260919284252894,2.2276432514190674,0.1466017663478851,0.7004905395935529,0.7260919284252895
2230,802,804,3,0.2643039946800023,2.6411890784899392,3.833925485610962,0.9450036883354188,0.1000700770847932,2.6411890784899392
2235,802,802,1,0.0073368702765186,0.2199519723653793,0.2199519723653793,0.2199519723653793,0.0333566923615977,0.2199519723653793
2248,806,854,34,3.5145568680245307,3.098907965071061,14.586244583129885,0.0936686694622039,1.6344779257182902,2.1502626696411444
2252,807,811,5,0.8550586454585958,5.126759189367294,9.598155975341797,0.4589128196239471,0.1667834618079888,5.126759189367294
2259,810,822,13,0.5961754297115791,1.3748260151881435,8.998429298400879,0.1516779661178589,0.4336370007007709,1.3748260151881435
2280,816,830,15,0.1928220998514091,0.3853741407394409,0.9351282119750975,0.0934800133109092,0.5003503854239664,0.3853741407394409
2291,821,926,70,6.578363664729159,2.817324414636408,35.988521575927734,0.1599237322807312,3.5358093903293626,1.860497254948571
2314,828,830,3,0.4928050742921248,4.924599726994832,9.71099090576172,1.3845133781433103,0.1000700770847932,4.924599726994833
2319,829,831,3,0.1973353064051857,1.9719711641470592,4.413261413574219,0.1031135618686676,0.1000700770847932,1.971971164147059
2329,830,830,1,0.0260761317792436,0.7817361354827881,0.7817361354827881,0.7817361354827881,0.0333566923615977,0.7817361354827881
2337,832,842,11,0.780773721087121,2.127891711213372,3.936148405075073,0.3681569993495941,0.3669236159775753,2.127891711213372
2362,837,866,21,3.824546448952181,5.459811707337697,15.39031982421875,0.3523115813732147,1.0007007708479327,3.821868195136388
2372,842,874,22,0.3901091697045616,0.5315945236520334,1.678875207901001,0.054290197789669,1.100770847932726,0.3543963491013556
2375,842,858,15,0.9899076533259088,1.978428881367048,5.855401515960693,0.0992942005395889,0.5670637701471619,1.7456725423826889
2393,848,850,3,0.4421386883988945,4.418290674686432,10.983236312866213,0.7171325087547302,0.1000700770847932,4.418290674686432
2407,852,904,16,1.176098857608055,2.2036411105655134,26.036476135253903,0.0933806374669075,1.7679046951646813,0.6652501465858153
2410,855,950,82,3.205023788969074,1.1717485516650104,26.85965347290039,0.0061990311369299,3.202242466713385,1.0008685545471965
2415,857,949,61,0.6539895456114597,0.3214089687241883,2.3442533016204834,0.0112963188439607,3.1021723896285915,0.2108166353997363
2422,859,955,59,1.4357755814426396,0.7295441371309808,8.629432678222656,0.0069188503548502,3.235599159074982,0.4437433411415244
2424,861,861,1,0.0118336984220717,0.3547623455524444,0.3547623455524444,0.3547623455524444,0.0333566923615977,0.3547623455524444
2429,868,904,37,0.6744605659373424,0.5464769632026956,3.4222514629364014,0.0622377768158912,1.2341976173791172,0.5464769632026956
2438,874,1371,429,11.742555459117296,0.820582683990538,51.12101364135742,0.0488278903067112,16.611632796075686,0.7068874928352223
2452,882,904,3,0.2205074386949211,2.203530217210452,5.58884334564209,0.1635646969079971,0.7672039243167484,0.2874169848535371
2494,897,902,5,0.1951182998972667,1.1698899745941165,2.0186803340911865,0.5706977844238281,0.2001401541695865,0.9749083121617634
2495,894,896,3,0.4826663271396747,4.82328325510025,10.137266159057615,0.5289074778556824,0.1000700770847932,4.823283255100251
2520,904,904,1,0.048177223733529,1.444304585456848,1.444304585456848,1.444304585456848,0.0333566923615977,1.444304585456848
2538,908,926,9,0.1270097726278565,0.4230694340334998,1.00998854637146,0.2007030993700027,0.6337771548703575,0.2004013108579735
2556,914,921,8,0.8269900908316444,3.099041122943163,7.940822124481201,0.4359165728092193,0.266853538892782,3.099041122943164
2558,914,919,6,0.5247740570447958,2.622032841046652,5.2986578941345215,1.3130669593811035,0.2001401541695865,2.622032841046652
2587,926,966,12,3.2104039571129865,8.020389437675476,40.21332550048828,1.5312365293502808,1.3676243868255082,2.347431054929407
2588,928,950,9,0.9712380836873766,3.2351931499110327,11.565991401672363,0.2852877080440521,0.7672039243167484,1.2659451456173607
2590,929,987,44,0.933028928395661,0.6357106000862338,3.961723327636719,0.0314255096018314,1.968044849334268,0.4740892610812591
2591,929,1037,109,1.5388546192717034,0.4232413733907796,1.0382916927337646,0.117521196603775,3.635879467414156,0.4232413733907795
2596,930,956,27,4.054748554821188,4.5021212167210045,12.153135299682615,0.4303476810455322,0.9006306937631395,4.5021212167210045
2605,932,1270,271,3.447008252461763,0.3813204111959235,10.334741592407228,0.0010036914609372,11.30791871058164,0.3048313611625229
2612,934,1008,74,3.0930532298266846,1.2530623889855437,4.140004634857178,0.1789172440767288,2.501751927119832,1.2363548904657362
2621,936,1075,140,4.029628082484362,0.8628870458741273,29.598114013671875,0.0554799772799015,4.669936930623686,0.8628870458741273
2633,939,998,49,8.582960074634592,5.25119363166848,22.83399200439453,0.5257554054260254,2.001401541695865,4.288474799195925
2647,944,954,11,0.5961095134653909,1.624614735895937,5.862975597381592,0.1846158653497696,0.3669236159775753,1.6246147358959373
2671,951,953,3,0.0231763574925852,0.2316012755036354,0.3341927826404571,0.0437723323702812,0.1000700770847932,0.2316012755036354
2701,956,981,9,0.7491793804429341,2.4955158167415195,14.28940486907959,0.7452846765518188,0.8672740014015418,0.8638323981028336
2737,965,1027,49,7.504607482000758,4.591440094672904,72.4173355102539,0.2175537496805191,2.101471618780659,3.571120073634481
2741,965,969,5,0.2592393649819019,1.5543469488620758,4.439899921417236,0.4192095696926117,0.1667834618079888,1.5543469488620756
2745,967,971,5,0.641399696179011,3.845703220367432,5.907260894775391,2.390195846557617,0.1667834618079888,3.8457032203674313
2747,968,1250,258,4.506039975235205,0.5235912191926126,15.573824882507324,0.0011526575544849,9.439943938332163,0.4773375779211804
2759,974,1145,133,6.6815982045184175,1.5060720031982977,16.18938446044922,0.0645790994167327,5.737351086194814,1.1645789327056604
2791,981,984,4,0.728008893827667,5.456243127584457,9.55679702758789,0.715537428855896,0.133426769446391,5.456243127584457
2792,982,987,6,0.1982408319182887,0.9905100390315056,2.454909324645996,0.1274028122425079,0.2001401541695865,0.9905100390315056
2794,982,983,2,0.2091463948599341,3.134999006986618,5.272678852081299,0.9973191618919371,0.0667133847231955,3.134999006986618
2799,983,990,8,0.7943356385662077,2.9766726791858678,8.786187171936035,0.569206714630127,0.266853538892782,2.9766726791858678
2830,995,997,3,0.2938683978644132,2.9366260766983032,5.573412895202637,1.2167714834213257,0.1000700770847932,2.9366260766983032
2831,995,1000,6,0.8699439816652016,4.346673885981242,9.524118423461914,1.055938482284546,0.2001401541695865,4.346673885981241
2834,997,1053,47,1.9705365419930816,1.2569084773038297,4.644954681396484,0.153654471039772,1.9013314646110724,1.0363982181277192
2837,997,1056,44,2.392585732139903,1.630166080864993,19.192598342895508,0.1682619601488113,2.001401541695865,1.1954551259676616
2863,1007,1152,145,1.2886621765022577,0.2664330521397742,6.057155609130859,0.0016603941330686,4.870077084793273,0.2646081682210086
2878,1024,1249,189,9.24964215110442,1.4671690175654712,36.50665664672852,0.0481462217867374,7.538612473721094,1.226968780176434
2904,1027,1030,4,0.5277374648596744,3.955259256064892,8.256083488464355,0.4019375741481781,0.133426769446391,3.955259256064892
2920,1035,1037,3,0.3257206048678082,3.254925092061361,7.005926132202148,1.184288740158081,0.1000700770847932,3.2549250920613604
2923,1035,1076,15,0.711186952881656,1.4213778456052144,4.118553638458252,0.2500095069408417,1.4009810791871058,0.5076349448590052
2945,1044,1231,175,1.7427712615844342,0.2985515714623034,4.416590213775635,0.0020871432498097,6.271058163980379,0.2779070479037399
2948,1046,1051,6,0.332624882071187,1.6619597574075062,3.360405921936035,0.2930981516838074,0.2001401541695865,1.6619597574075065
2957,1049,1063,15,0.6456398275321233,1.290375397602717,5.951071739196777,0.0783290117979049,0.5003503854239664,1.290375397602717
3010,1073,1078,6,0.7132680421119482,3.5638427734375,7.210013389587402,0.7464859485626221,0.2001401541695865,3.5638427734375
3029,1080,1293,183,6.820723087784391,1.117368306730533,13.276079177856444,0.0191173907369375,7.138332165381921,0.955506542671437
3056,1091,1108,18,0.8315827821966812,1.3850007355213163,5.680759906768799,0.2318084836006164,0.6004204625087597,1.3850007355213163
3060,1094,1103,10,0.9614973203976755,2.8824720088392497,6.180568218231201,0.0235174931585788,0.3335669236159776,2.8824720088392497
3062,1177,1177,1,0.0131631812016781,0.3946188986301422,0.3946188986301422,0.3946188986301422,0.0333566923615977,0.3946188986301422
3067,1101,1199,98,6.519599310562443,1.9943980912734964,6.468678951263428,0.0195965711027383,3.302312543798178,1.9742526560081075
3086,1111,1119,9,0.1884302772294414,0.6276610775126351,1.8197101354599,0.0794049575924873,0.3002102312543798,0.6276610775126351
3108,1118,1122,5,0.2725617086628391,1.634225034713745,3.199718713760376,0.4903134107589721,0.1667834618079888,1.634225034713745
3109,1119,1147,25,2.847231974322728,3.414285737276077,11.609626770019531,0.0740103125572204,0.967344078486335,2.94334977351386
3110,1119,1124,6,0.1966320811490872,0.9824719180663428,1.965555191040039,0.1322427541017532,0.2001401541695865,0.9824719180663428
3116,1121,1254,126,2.5610149913533387,0.6093384674972012,5.365312576293945,0.0658439174294471,4.4697967764541,0.5729600515272191
3138,1129,1155,27,1.8695948101084132,2.0758728556059025,8.784750938415527,0.1900985538959503,0.9006306937631395,2.0758728556059025
3140,1130,1174,35,3.170964146687923,2.7160659287657056,12.158796310424805,0.2514407038688659,1.5010511562718991,2.1124957223733265
3155,1139,1194,56,3.693089589560124,1.9770553887688689,6.321020126342773,0.0618875548243522,1.8679747722494744,1.9770553887688689
3162,1141,1154,14,0.4360723769551987,0.933786437447582,2.820425271987915,0.0946097373962402,0.4669936930623686,0.9337864374475818
3171,1144,1151,3,0.2427057836301358,2.425358215967814,4.314030647277832,1.0303351879119873,0.266853538892782,0.9095093309879304
3176,1147,1270,107,5.741034034548227,1.6085085147452132,40.4235954284668,0.1674550473690033,4.136229852838122,1.3879871861107889
3178,1147,1261,91,3.3763277346593314,1.112295613020331,11.122334480285645,0.1154143512248992,3.836019621583743,0.8801643546508705
3184,1149,1644,420,15.208597794238846,1.085567679690818,26.76260757446289,0.0169237926602363,16.54491941135249,0.9192306965123862
3188,1150,1154,5,0.3497369391983342,2.096952152252197,4.039721012115479,0.4978944063186645,0.1667834618079888,2.096952152252197
3210,1161,1168,8,0.0463290134884714,0.1736121382564306,0.3229828178882599,0.0564148873090744,0.266853538892782,0.1736121382564306
3214,1166,1183,18,2.1292675356139816,3.5462940865092807,8.627874374389648,0.8063868284225464,0.6004204625087597,3.5462940865092807
3247,1186,1219,20,2.2251983344847286,3.3354601085186006,12.542057991027832,0.5464653372764587,1.1341275402943238,1.962035357952118
3269,1195,1240,37,5.529554676575184,4.480283058978416,37.70059967041016,0.3551249206066131,1.5344078486334969,3.603705938743509
3273,1199,1243,14,0.6225733812321461,1.3331515831606728,9.634840965270996,0.2721184194087982,1.5010511562718991,0.4147582703166538
3274,1199,1211,13,1.1000349583121225,2.53676452086522,7.413303852081299,0.5425534844398499,0.4336370007007709,2.5367645208652205
3288,1209,1218,10,0.9096259281989488,2.726966805756092,9.522745132446287,0.1364188939332962,0.3335669236159776,2.726966805756092
3292,1210,1235,18,0.1670500003829985,0.2782216976500219,1.9947140216827397,0.0373484306037426,0.8672740014015418,0.1926150214500152
3294,1211,1221,10,0.601009287931072,1.801765239238739,4.20585298538208,0.2809783816337585,0.3669236159775753,1.6379683993079446
3299,1213,1218,3,0.1529359225050586,1.5282882452011108,2.388140916824341,0.6322678327560425,0.2001401541695865,0.7641441226005554
3302,1214,1222,9,0.5614952798522931,1.8703402529160185,4.606166839599609,0.1067602187395095,0.3002102312543798,1.870340252916018
3316,1222,1320,99,1.062824367992345,0.3218424524923767,1.2115939855575562,0.0447585433721542,3.302312543798178,0.3218424524923767
3317,1223,1225,3,0.1836453400045821,1.835167368253072,2.4825751781463623,1.446380376815796,0.1000700770847932,1.835167368253072
3328,1230,1261,16,2.297875235276199,4.305498898029327,29.74576187133789,0.5603403449058533,1.0674141555711285,2.152749449014664
3340,1234,1238,5,0.779573548750687,4.674165773391724,5.873093128204346,2.8193976879119877,0.1667834618079888,4.674165773391724
3344,1235,1280,23,1.608513854639298,2.096592318752537,11.21562957763672,0.4206638634204864,1.5344078486334969,1.048296159376269
3355,1239,1241,3,0.1578809561726089,1.5777039527893066,3.184269428253174,0.2698366641998291,0.1000700770847932,1.5777039527893066
3359,1241,1243,3,0.0627868359416368,0.6274286756912867,1.5382462739944458,0.0630783587694168,0.1000700770847932,0.6274286756912867
3365,1244,1301,29,3.477333577989112,3.5947225556291382,18.638160705566406,0.2643840312957763,1.93468815697267,1.7973612778145691
3371,1247,1278,32,0.8573320454141855,0.803185943281278,3.513852834701538,0.0281450673937797,1.0674141555711285,0.803185943281278
3372,1248,1324,75,3.083821735945129,1.232664878765742,7.39298152923584,0.067742995917797,2.568465311843028,1.200647609187411
3373,1248,1255,8,1.0057965275242184,3.76909570582211,13.936291694641112,0.1463565975427627,0.266853538892782,3.769095705822111
3393,1257,1275,19,1.3317481469297712,2.101287710823511,9.046730995178224,0.2233946174383163,0.6337771548703575,2.101287710823511
3395,1257,1258,2,0.1915452013503611,2.871165990829468,3.0332629680633545,2.709069013595581,0.0667133847231955,2.871165990829468
3404,1262,1311,50,0.8905929899969632,0.5339815952628851,2.240482807159424,0.0133304484188556,1.667834618079888,0.533981595262885
3407,1263,1266,4,0.6294713359156437,4.717728972434998,10.533092498779297,2.241171598434448,0.133426769446391,4.717728972434998
3421,1269,1282,14,2.206151126002464,4.72415614766734,9.97075653076172,0.4813291728496551,0.4669936930623686,4.72415614766734
3426,1270,1308,34,4.005083581022057,3.53142255939105,14.83090591430664,0.2001789361238479,1.3009110021023127,3.078676077417838
3430,1271,1314,16,0.4472796281036081,0.8380620132666081,5.683284282684326,0.0388808064162731,1.4676944639103011,0.3047498230060393
3452,1276,1991,574,21.568965414662788,1.126508419711438,31.754165649414062,0.0038576971273869,23.883391730903995,0.9030947387072144
3472,1280,1298,19,1.568633630005062,2.475055495375081,10.701597213745115,0.3129661977291107,0.6337771548703575,2.475055495375081
3484,1282,1433,123,1.173478807171137,0.2860139130001388,2.735759973526001,0.0050265341997146,5.07021723896286,0.2314454690724807
3506,1290,1410,88,6.696712170897369,2.281371339732273,34.45267105102539,0.0751147866249084,4.036159775753329,1.6591791561689258
3510,1292,1294,3,0.5336550621361522,5.332813541094462,12.462843894958496,1.3435615301132202,0.1000700770847932,5.332813541094462
3513,1293,1386,94,1.8506813813254144,0.590229378497981,2.3839001655578613,0.0597979426383972,3.1355290819901893,0.590229378497981
3524,1297,1354,15,2.89574539009808,5.7874351143836975,39.84474563598633,0.5974598526954651,1.93468815697267,1.4967504606164734
3529,1298,1354,57,1.7314881697255329,0.9106713910505436,5.385181427001953,0.0481313802301883,1.9013314646110724,0.9106713910505436
3537,1301,1301,1,0.0614757337015495,1.8429805040359497,1.8429805040359497,1.8429805040359497,0.0333566923615977,1.8429805040359497
3549,1305,1337,32,2.879141022370425,2.6973045160993934,8.21450138092041,0.1994396150112152,1.100770847932726,2.615568015611533
3565,1310,1324,15,0.8383077215212746,1.6754413425922394,4.069831848144531,0.261441558599472,0.5003503854239664,1.6754413425922394
3574,1313,1324,12,0.2150589352388772,0.5372708343590299,1.2706279754638672,0.0400652550160884,0.4002803083391731,0.5372708343590299
3578,1315,1316,2,0.2769294127602634,4.151032269001007,6.632593154907227,1.6694713830947876,0.0667133847231955,4.151032269001007
3585,1317,1360,44,3.046111549250129,2.0754398303953083,6.7367448806762695,0.1483774483203888,1.4676944639103011,2.0754398303953088
3595,1321,1327,7,0.357650519219327,1.5317145586013794,4.322444915771484,0.3554601371288299,0.2334968465311843,1.5317145586013794
3598,1321,1481,150,3.933617106282636,0.7861724944909414,6.424549102783203,0.0347989089787006,5.37042747021724,0.7324588457990137
3601,1322,1322,1,0.0117225532942747,0.3514303267002105,0.3514303267002105,0.3514303267002105,0.0333566923615977,0.3514303267002105
3611,1325,1332,8,0.1259494157107292,0.4719795593991875,0.8477550148963928,0.0992328450083732,0.266853538892782,0.4719795593991875
3617,1327,1454,128,1.895513440809554,0.4439498555730097,1.1076953411102295,0.0510376244783401,4.269656622284513,0.4439498555730097
3620,1327,1375,45,5.830773830401288,3.884460436966684,13.687989234924316,0.1369711011648178,1.6344779257182902,3.5673616257857304
3641,1333,1351,18,1.856454745371524,3.091924511724048,8.042398452758789,0.2380396723747253,0.6337771548703575,2.9291916426859403
3656,1339,1360,17,0.3569390567934588,0.6294513520072488,3.627806663513184,0.0325608775019645,0.7338472319551507,0.4863942265510559
3659,1341,1342,2,0.1127025553122549,1.6893544793128967,2.1984143257141118,1.180294632911682,0.0667133847231955,1.6893544793128967
3672,1343,1495,94,6.055276826790521,1.9311818415497213,16.361387252807617,0.0600076019763946,5.1035739313244575,1.186477732716822
3684,1346,1414,69,7.747756638799252,3.366230886483538,23.142200469970703,0.119713008403778,2.301611772950245,3.366230886483538
3695,1350,1352,3,0.0308436179545348,0.3082201878229777,0.3678270876407623,0.2709673643112182,0.1000700770847932,0.3082201878229777
3701,1354,1370,17,0.6742426164495252,1.189006690155057,13.53477954864502,0.0949916243553161,0.5670637701471619,1.189006690155057
3717,1365,1431,51,1.8269170128325944,1.0739045054012657,12.846309661865234,0.0494264960289001,2.23489838822705,0.8174496981412617
3723,1370,1416,29,3.235614840117216,3.344843796614943,28.17210960388184,0.5629773736000061,1.5677645409950949,2.063839789400709
3737,1373,1380,8,0.3352074597106584,1.2561477022245526,3.486758232116699,0.0581047013401985,0.266853538892782,1.2561477022245526
3744,1375,1400,26,2.359741340839704,2.720871762587474,9.784743309020996,0.2560216784477234,0.8672740014015418,2.720871762587474
3752,1380,1385,6,0.379969541276345,1.898517280817032,5.570263385772705,0.7068215012550354,0.2001401541695865,1.898517280817032
3772,1390,1390,1,0.1697497813619762,5.088927268981934,5.088927268981934,5.088927268981934,0.0333566923615977,5.088927268981934
3777,1391,1397,7,0.5992629691697371,2.566471359559468,6.092547416687012,0.3310507833957672,0.2334968465311843,2.566471359559468
3781,1393,1492,44,10.971148878916546,7.4750904556025155,113.48440551757812,0.3402450680732727,3.335669236159776,3.289039800465108
3785,1395,1415,21,0.3466178313785278,0.4948215740067618,1.4588924646377563,0.1105839163064956,0.7004905395935529,0.4948215740067619
3786,1395,1613,180,4.882913200351519,0.8132489655580786,14.05941390991211,0.047221802175045,7.30511562718991,0.6684238073080098
3801,1401,1403,3,0.396505290775259,3.962276260058085,7.412939071655273,1.6080156564712524,0.1000700770847932,3.962276260058085
3815,1410,1411,2,0.1257687126746441,1.8852095901966093,2.9826478958129883,0.7877712845802307,0.0667133847231955,1.8852095901966095
3817,1411,1516,86,2.258765297355398,0.7873896031185638,11.613425254821776,0.0273974910378456,3.5358093903293626,0.6388255270584574
3821,1412,1513,48,2.3470388928951715,1.4658720676476755,17.96086883544922,0.0748075619339943,3.4023826208829715,0.6898221494812592
3826,1415,1415,1,0.1166719883742997,3.497708559036255,3.497708559036255,3.497708559036255,0.0333566923615977,3.497708559036255
3828,1414,1528,115,2.9000682713133665,0.7560097594381027,38.2052001953125,0.0072547011077404,3.836019621583743,0.7560097594381026
3835,1415,1422,8,1.28087102379428,4.799902707338333,12.719167709350586,1.3174304962158203,0.266853538892782,4.799902707338334
3849,1418,1433,16,2.7588161444530344,5.169157875701785,17.937284469604492,0.367130309343338,0.5337070777855641,5.169157875701785
3868,1424,1424,1,0.0086429652001528,0.259107381105423,0.259107381105423,0.259107381105423,0.0333566923615977,0.259107381105423
3873,1425,1522,91,3.5354295753856264,1.164710038802126,32.88246536254883,0.0723731890320777,3.2689558514365804,1.081516464601974
3876,1425,1442,18,1.2936106369223055,2.1545079118675656,4.258125305175781,0.770376980304718,0.6004204625087597,2.1545079118675656
3887,1427,1434,8,0.7720022397352084,2.892981082201004,4.1209635734558105,1.639047622680664,0.266853538892782,2.892981082201004
3927,1440,1454,15,2.2174599558637125,4.43181422551473,26.76058006286621,0.29005828499794,0.5003503854239664,4.431814225514731
3961,1447,1508,62,1.04195060998452,0.5038165900135233,6.667723655700684,0.0331901460886001,2.068114926419061,0.5038165900135233
3976,1452,1498,45,1.6527186657238775,1.1010408664743103,6.086339473724365,0.0394283719360828,1.5677645409950949,1.054188063645617
3980,1453,1656,142,7.181764389638226,1.5162116499014304,57.32462692260742,0.1210706233978271,6.804765241765943,1.055402226892172
3984,1453,1604,126,5.4028487534667535,1.285491725222932,12.538124084472656,0.0742520615458488,5.07021723896286,1.0656049827505882
3994,1457,1459,3,0.0913049669639999,0.9124102791150412,1.0388894081115725,0.6630890965461731,0.1000700770847932,0.912410279115041
4041,1468,1484,17,0.12754843069401,0.2249278430553043,0.3822801113128662,0.033341571688652,0.5670637701471619,0.2249278430553043
4047,1469,1505,31,4.177110147025089,4.0395338708354585,45.17830276489258,0.4436169266700744,1.2341976173791172,3.384474324213492
4048,1469,1487,19,2.2005034615547405,3.4720460411749388,31.6696834564209,0.1809281557798385,0.6337771548703575,3.4720460411749383
4058,1472,1484,13,0.5054227631912419,1.1655434438815484,2.9599404335021973,0.2714719772338867,0.4336370007007709,1.1655434438815484
4061,1472,1660,97,6.693558192044267,2.068722935988731,22.76753616333008,0.0458557605743408,6.304414856341976,1.0617255279942164
4091,1483,1613,70,0.96041387696323,0.4113177078110831,3.3323025703430176,0.0244920514523983,4.3697266993693065,0.2197880881433268
4101,1487,1490,4,0.3254552832039069,2.439205300062895,5.149670124053955,0.23710398375988,0.133426769446391,2.439205300062895
4108,1489,1546,38,8.359439241199036,6.594935756960981,130.7642822265625,0.1054670736193656,1.93468815697267,4.320819978698575
4116,1491,1661,167,4.290993927617589,0.770297430522606,11.981233596801758,0.0328147448599338,5.7039943938332165,0.752278777177048
4117,1491,1492,2,0.0385614106098755,0.5780161023139954,0.6185011863708496,0.5375310182571411,0.0667133847231955,0.5780161023139954
4121,1492,1498,7,0.5176842516589683,2.217093118599483,6.115816116333008,0.3836634755134582,0.2334968465311843,2.2170931185994824
4125,1495,1497,3,0.1114323292567167,1.113542954126994,1.1733916997909546,1.0491265058517456,0.1000700770847932,1.113542954126994
4138,1500,1569,41,4.587241724446761,3.3541678319253574,37.41143798828125,0.0083777084946632,2.334968465311843,1.964584015841995
4140,1502,1628,84,10.919413333289592,3.897059530463247,75.7586669921875,0.0715099051594734,4.236299929922915,2.577582681566242
4142,1502,1570,42,2.684978445165627,1.91649872011372,11.680490493774414,0.0338137187063694,2.301611772950245,1.1665644383300906
4147,1504,1647,124,5.107978918407042,1.2349359441188077,21.53296661376953,0.0783740654587745,4.8033637000700775,1.0634170629911952
4163,1511,1518,8,0.4139313932307216,1.5511557199060917,4.416027545928955,0.1807213723659515,0.266853538892782,1.5511557199060917
4188,1523,1580,35,0.6670784903892539,0.5713811559336526,2.235878229141236,0.0730827152729034,1.93468815697267,0.3447989734082387
4189,1523,1593,57,3.306360356224611,1.7389710409599437,5.98173713684082,0.1206254661083221,2.368325157673441,1.39607534274249
4196,1525,1562,38,1.5285676266734385,1.2059188430246557,12.162043571472168,0.1046821177005767,1.267554309740715,1.2059188430246552
4217,1531,1727,195,2.936887019828808,0.4515123655780768,1.5668566226959229,0.0247601866722106,6.571268395234759,0.4469284836940353
4219,1531,1575,39,1.2932375218862826,0.9941014564381196,9.489913940429688,0.0439365282654762,1.5010511562718991,0.8615545955797037
4252,1546,1568,22,1.6399152535488328,2.23468207297,10.808187484741213,0.1809773743152618,0.7672039243167484,2.13752198284087
4263,1551,1572,13,3.2269052364522124,7.441489612826934,27.58975601196289,0.1447423547506332,0.7338472319551507,4.397243862125007
4267,1553,1796,172,2.689942565809912,0.4688474742782323,13.583620071411133,0.0053024576045572,8.139032936229853,0.3304990392453114
4295,1562,1565,4,0.0997564274110239,0.7476492747664452,1.125485897064209,0.3651223480701446,0.133426769446391,0.7476492747664452
4303,1565,1568,4,0.4325398247978783,3.241776943206787,7.051084041595459,0.7664320468902588,0.133426769446391,3.241776943206787
4316,1572,1673,76,3.3686974994603287,1.32881781615709,9.473189353942873,0.1301816254854202,3.4023826208829715,0.990099549293518
4319,1573,1588,16,0.6362393178943788,1.1921133227879182,5.522975444793701,0.0241765026003122,0.5337070777855641,1.1921133227879182
4320,1573,1598,23,2.6633324455331486,3.4714791740736235,18.784353256225582,0.0455618724226951,0.8672740014015418,3.070923884757436
4325,1574,1624,34,5.05615100210667,4.458185541279176,16.274505615234375,0.7954586148262024,1.7011913104414855,2.9721236941861173
4335,1577,1776,200,2.9308936620383057,0.4393261823244392,1.6758418083190918,0.0477320067584514,6.671338472319552,0.4393261823244392
4351,1580,1586,7,0.5800692531890441,2.484270180974688,6.59453821182251,0.6183804273605347,0.2334968465311843,2.484270180974688
4380,1587,1614,27,2.937125961623496,3.261187945251112,9.876883506774902,0.3572613894939422,0.9339873861247372,3.1447169472064287
4387,1590,1595,6,0.1291196780348459,0.6451462904612223,1.0210227966308594,0.1276964843273162,0.2001401541695865,0.6451462904612223
4408,1600,1605,6,0.5014161236902677,2.505324959754944,5.874168872833252,1.0713216066360474,0.2001401541695865,2.505324959754944
4410,1600,1600,1,0.1119388863684501,3.3558149337768555,3.3558149337768555,3.3558149337768555,0.0333566923615977,3.3558149337768555
4419,1604,1614,4,0.3694317228324612,2.768797628581524,7.263637542724609,0.2874417603015899,0.3669236159775753,1.0068355013023724
4433,1610,1614,5,0.3241801805569729,1.9437189817428588,2.466693878173828,1.420157551765442,0.1667834618079888,1.9437189817428584
4434,1610,1675,66,3.5101295955505254,1.5943961461836642,5.625736713409424,0.1144198477268219,2.201541695865452,1.5943961461836642
4451,1615,1714,74,5.030553860854836,2.037985566500071,12.822602272033691,0.0610968992114067,3.335669236159776,1.5081093192100523
4456,1617,1679,48,4.696775281938876,2.9334288897613683,17.41356658935547,0.372830331325531,2.101471618780659,2.2349934398181857
4457,1617,1620,4,0.2534365313823355,1.8994429111480715,2.834566116333008,0.6680560111999512,0.133426769446391,1.8994429111480715
4468,1622,1634,13,0.5056873663643815,1.166153638981856,1.983750820159912,0.0859153494238853,0.4336370007007709,1.1661536389818556
4469,1623,1659,33,0.3384071495872155,0.3074274270823507,1.752748966217041,0.034388244152069,1.2341976173791172,0.2741920295599344
4476,1626,1646,13,0.9445559647213604,2.17821810222589,12.517672538757324,0.1948727220296859,0.7004905395935529,1.3484207299493611
4477,1649,1655,7,0.8787618808505747,3.76348500592368,7.311640739440918,1.4145351648330688,0.2334968465311843,3.76348500592368
4482,1629,1649,21,1.2723186019748012,1.8163251750880764,11.56014633178711,0.0407585464417934,0.7004905395935529,1.8163251750880764
4501,1638,1640,3,0.3066479323373112,3.064331928888957,5.024570941925049,2.023883104324341,0.1000700770847932,3.064331928888957
4504,1639,1649,11,0.0428341899247293,0.1167387108911167,0.3470542728900909,0.0209735929965972,0.3669236159775753,0.1167387108911167
4506,1639,1734,82,3.4936906961551863,1.2772844392840363,17.447538375854492,0.0050046793185174,3.202242466713385,1.0910137918884475
4517,1643,1647,5,0.495028897391054,2.9680934309959413,6.212813377380371,0.5644367933273315,0.1667834618079888,2.968093430995941
4518,1644,1792,135,3.924726222533558,0.871550625514377,35.752132415771484,0.0151549065485596,4.970147161878066,0.7896599627143684
4526,1648,1678,20,1.2628518272214782,1.8929512158036232,4.664023399353027,0.3062715530395508,1.0340574632095303,1.2212588489055634
4554,1656,1671,15,0.7386086858897754,1.4761829058329263,4.938696384429932,0.2316042780876159,0.5337070777855641,1.3839214742183683
4565,1657,1671,15,0.9823696871528949,1.9633635063966115,5.010404586791992,0.3962009847164154,0.5003503854239664,1.963363506396612
4582,1660,1704,44,7.017966582266368,4.781626390801235,46.25019836425781,0.1365796476602554,1.5010511562718991,4.675368026561208
4594,1665,1733,58,8.362711111934935,4.322511140514036,17.044668197631836,0.0784451439976692,2.301611772950245,3.633415161591509
4598,1667,1921,247,6.0804000288206295,0.7379929610049194,10.676257133483888,0.1180343106389045,8.50595655220743,0.7148402406596669
4607,1673,1774,89,1.6705593837145782,0.5627155699557886,4.572892665863037,0.0065177376382052,3.4023826208829715,0.4909969188829921
4608,1674,1755,82,2.134047148402287,0.7802022137656445,4.669637203216553,0.0813623666763305,2.7352487736510165,0.7802022137656445
4618,1685,1981,259,9.856365965932776,1.1408645268961155,15.666502952575684,0.0268035363405942,9.906937631394534,0.9948953281686664
4621,1678,1754,46,0.5027157061885372,0.3276284767679222,1.1187105178833008,0.0067478399723768,2.568465311843028,0.1957261030042132
4622,1678,1704,7,0.7286983427503515,3.120805927685329,5.621623516082764,0.4786927700042724,0.9006306937631395,0.8090978331036037
4628,1681,1685,5,0.6224314168022493,3.7319732427597048,6.918177127838135,1.5266681909561155,0.1667834618079888,3.7319732427597048
4631,1681,1737,42,8.10570959267536,5.785738089609714,32.413204193115234,0.2169557958841323,1.9013314646110724,4.263175434449262
4647,1685,1704,20,2.56553958763839,3.8456144869327535,14.175464630126951,0.2088673114776611,0.6671338472319552,3.8456144869327535
4658,1687,1697,11,0.7255698366439167,1.9774410941384053,5.799036502838135,0.5166673064231873,0.3669236159775753,1.9774410941384053
4691,1699,1745,47,4.315093360213692,2.752386118820373,11.611586570739746,0.223344400525093,1.5677645409950949,2.7523861188203727
4693,1700,1716,16,1.016470631251677,1.9045477820327503,12.04292106628418,0.0221451800316572,0.5670637701471619,1.7925155595602358
4717,1707,1711,5,0.7152401046562462,4.288435417413711,11.62445068359375,0.2548289597034454,0.1667834618079888,4.288435417413711
4721,1708,1709,2,0.2485934016248439,3.726289749145508,4.8989763259887695,2.553603172302246,0.0667133847231955,3.726289749145508
4734,1712,1712,1,0.0235736227403091,0.7067134380340576,0.7067134380340576,0.7067134380340576,0.0333566923615977,0.7067134380340577
4736,1712,2128,354,29.74181568875815,2.518727803960611,55.943809509277344,0.0165742263197898,13.909740714786263,2.138200581779512
4754,1718,1722,5,0.186598413084133,1.1188064515590668,2.055464744567871,0.3105076849460602,0.1667834618079888,1.1188064515590668
4772,1723,1730,8,0.712530266670556,2.670117359608412,5.013345718383789,0.4593829810619354,0.266853538892782,2.670117359608412
4780,1725,1743,19,1.2157743824597582,1.918299473429981,3.6162405014038086,0.1428236812353134,0.6337771548703575,1.918299473429981
4799,1731,1751,21,0.3188002715332365,0.4551100314905246,0.8306564688682556,0.0298107545822858,0.7004905395935529,0.4551100314905246
4801,1731,1758,28,0.3234285754731842,0.3462879480794072,1.120527982711792,0.0386403687298297,0.9339873861247372,0.3462879480794072
4804,1732,1735,4,0.249863649550734,1.87266506254673,5.063425064086914,0.5337006449699402,0.133426769446391,1.87266506254673
4806,1732,1744,13,1.0612576864602354,2.447341174173814,6.24689531326294,0.0541109181940555,0.4336370007007709,2.447341174173814
4810,1734,1761,28,1.3093899242553833,1.401935340570552,6.932436943054199,0.1034813225269317,0.9339873861247372,1.401935340570552
4815,1735,1754,19,1.783215433572169,2.813631605160864,9.42799949645996,0.4125607907772064,0.6671338472319552,2.6729500249028204
4819,1736,1757,13,3.317903997117853,7.65133969600384,28.99427604675293,0.6698576211929321,0.7338472319551507,4.52124618400227
4849,1750,1801,52,4.199086947781938,2.42085369848288,6.654409408569336,0.232037603855133,1.7345480028030835,2.42085369848288
4853,1751,1793,32,2.844218292533725,2.6645873840898275,22.43253898620605,0.0750812143087387,1.4343377715487036,1.9829487509505692
4875,1758,1789,27,1.74003574726209,1.9320191498155947,14.117794036865234,0.1112512350082397,1.0674141555711285,1.630141157656908
4895,1764,1791,12,1.728559659909099,4.318372959891955,12.780964851379396,0.4256861805915832,0.9339873861247372,1.8507312685251236
4896,1764,1880,92,8.029572099894182,2.616505157688389,17.77948570251465,0.1627423018217086,3.9027330063069376,2.0574228590370245
4897,1764,1790,27,0.3505486220142269,0.3892257108732506,0.9310531616210938,0.0814453661441803,0.9006306937631395,0.3892257108732506
4898,1764,1764,1,0.0212000076137561,0.635554850101471,0.635554850101471,0.635554850101471,0.0333566923615977,0.635554850101471
4930,1777,1788,10,1.0193857769784012,3.0560157641768457,13.823810577392578,0.2479340881109237,0.4002803083391731,2.5466798034807043
4932,1777,1838,60,1.616570729453746,0.8077193385610978,19.117237091064453,0.0939199477434158,2.068114926419061,0.7816638760268688
4934,1779,1854,54,2.1488711895928905,1.1929813210197069,11.62519073486328,0.0248806420713663,2.53510861948143,0.8476446228297917
4972,1790,1885,96,3.980681179933767,1.2430917462722089,33.124908447265625,0.0085348822176456,3.202242466713385,1.2430917462722089
4979,1792,2023,181,9.877904175734637,1.636075172799727,29.200815200805664,0.0772754922509193,7.73875262789068,1.2764207167101318
4993,1796,1865,42,1.4916604477204722,1.0647256196964354,5.4841814041137695,0.2121371924877166,2.334968465311843,0.6388353718178612
5027,1810,1834,25,1.5109712344516637,1.8118957576155663,7.118400096893311,0.1212999746203422,0.833917309039944,1.8118957576155663
5037,1812,1817,6,0.3746801033741374,1.872088611746828,3.8371427059173584,0.0333759821951389,0.2001401541695865,1.872088611746828
5046,1813,1817,5,0.1204548211096046,0.7222228139638901,1.4687397480010986,0.1302619725465774,0.1667834618079888,0.72222281396389
5047,1814,1928,108,1.950352006601059,0.5413850594109304,27.23844146728516,0.0022289813496172,3.836019621583743,0.5084311862293954
5049,1814,1858,33,1.382891753840129,1.2562939474980035,5.614902496337891,0.0681296736001968,1.5010511562718991,0.9212822281652028
5058,1817,1819,3,0.1521238529815821,1.5201732367277143,3.5848259925842285,0.1324702054262161,0.1000700770847932,1.5201732367277143
5062,1820,2176,291,12.0412313349592,1.2404947525908037,42.37472915649414,0.0422290489077568,11.9083391730904,1.0111595882462854
5072,1823,1868,32,3.1911148138286856,2.989575130864978,21.646839141845703,0.2833365499973297,1.5344078486334969,2.0797044388625934
5088,1826,1850,22,1.282587207199062,1.7477577775716782,7.919998645782471,0.232666939496994,0.833917309039944,1.538026844263077
5100,1830,1830,1,0.0335152762706411,1.0047541856765747,1.0047541856765747,1.0047541856765747,0.0333566923615977,1.004754185676575
5136,1836,1912,36,2.5640976624214824,2.1352517298526235,10.984036445617676,0.3216082155704498,2.568465311843028,0.9982995100609666
5166,1841,1853,13,0.3205926455896721,0.7393110944674566,1.6694750785827637,0.137084349989891,0.4336370007007709,0.7393110944674565
5178,1846,1868,23,0.2409400891816764,0.314049604733515,1.5067272186279297,0.0057738223113119,0.7672039243167484,0.314049604733515
5185,1848,1869,10,0.7402706268456907,2.219256690144539,8.483963966369629,0.3452021479606628,0.7338472319551507,1.0087530409747905
5192,1849,2159,227,2.5178212526044206,0.3325186879897187,13.267958641052246,0.0026950428728014,10.373931324456905,0.2427065664748107
5201,1852,1855,4,0.4016493844083747,3.0102608799934387,5.679450511932373,1.3217781782150269,0.133426769446391,3.0102608799934387
5205,1853,1934,49,2.222146570697145,1.3595451708046755,14.04596996307373,0.0066379755735397,2.7352487736510165,0.8124111386515744
5222,1858,1919,62,0.6840490834950649,0.3307597052546278,0.6682358384132385,0.0546816401183605,2.068114926419061,0.3307597052546278
5223,1858,1860,3,0.1234504146265164,1.2336396475632985,1.9528604745864868,0.2977339327335357,0.1000700770847932,1.2336396475632985
5241,1868,2011,124,6.055057982606494,1.4639075191751605,22.88793563842773,0.1260981559753418,4.8033637000700775,1.2605870304008324
5255,1876,1939,30,3.1626060110084144,3.160391300916672,11.657093048095703,0.6596827507019043,2.134828311142257,1.48143342230469
5256,1877,1964,87,2.366151681739756,0.815343004405156,4.310323715209961,0.0268023796379566,2.9353889278206027,0.8060777429914611
5273,1882,1886,5,0.6494686590848308,3.894083094596863,8.469766616821289,1.4550889730453491,0.1667834618079888,3.894083094596863
5281,1884,1893,10,1.7094817424706004,5.124853879213333,37.50317001342773,0.3923878669738769,0.3335669236159776,5.124853879213333
5291,1886,1968,50,4.572976668447403,2.7418645823001864,23.659868240356445,0.2098878473043441,2.768605466012614,1.6517256519880643
5297,1887,1905,13,0.3301542124122945,0.7613607968848485,3.6948962211608887,0.0438524596393108,0.6337771548703575,0.5209310715527911
5298,1887,1889,3,0.2710849211110714,2.708950857321421,5.723329544067383,0.9678218960762024,0.1000700770847932,2.708950857321421
5310,1891,1893,3,0.1541463033252441,1.5403835773468018,1.6911956071853638,1.3829782009124756,0.1000700770847932,1.540383577346802
5314,1891,1896,6,0.3718833763447356,1.8581147690614064,3.819658517837525,0.7366309762001038,0.2001401541695865,1.8581147690614064
5327,1894,1958,54,2.7298416825759304,1.5155166826314397,23.126209259033203,0.1918861120939254,2.1681850035038543,1.2590446286476575
5342,1901,2037,130,8.311852813331958,1.9167766587952009,24.3165340423584,0.0545880012214183,4.569866853538893,1.8188391652801177
5353,1905,1909,5,0.2401592893373239,1.4399466633796691,3.573143482208252,0.6426596641540527,0.1667834618079888,1.439946663379669
5357,1906,1931,13,0.9438078217391128,2.176492827442976,7.499083042144775,0.135376900434494,0.8672740014015418,1.0882464137214882
5360,1906,1942,20,2.0595027457272663,3.087090775370598,23.4133358001709,0.4652886390686035,1.2341976173791172,1.668697716416539
5370,1911,1971,27,4.137914737781279,4.594463375983415,32.38999557495117,0.149498164653778,2.0347582340574637,2.033614936910692
5380,1916,1916,1,0.1235783432610985,3.704754114151001,3.704754114151001,3.704754114151001,0.0333566923615977,3.704754114151001
5391,1918,1919,2,0.082677667894477,1.239296555519104,1.342498779296875,1.136094331741333,0.0667133847231955,1.2392965555191042
5400,1920,1946,27,1.9210816900840408,2.1330404386476234,9.756783485412598,0.1331396251916885,0.9006306937631395,2.1330404386476234
5412,1923,1936,4,0.6314911225498684,4.732866764068604,11.701056480407717,1.1691991090774536,0.4669936930623686,1.352247646876744
5424,1927,2010,66,1.6536381427817357,0.7511273331262849,6.864547252655029,0.2173640429973602,2.801962158374212,0.5901714760277953
5429,1930,2070,127,3.890149952837781,0.9182895491794338,38.702335357666016,0.058962732553482,4.703293622985284,0.8271118634453056
5433,1934,1942,9,0.5832735132235451,1.942883527941174,3.4153053760528564,0.4839065968990326,0.3002102312543798,1.9428835279411736
5441,1937,2174,222,5.670773167176187,0.7657840591226075,6.941812992095947,0.076283074915409,7.938892782060266,0.7143027778370541
5445,1941,1943,3,0.3710745272305601,3.7081467111905417,9.173038482666016,0.3436360955238342,0.1000700770847932,3.7081467111905417
5457,1945,1952,8,0.8009161560286486,3.001332338899374,7.050602436065674,0.4201014339923858,0.266853538892782,3.001332338899374
5470,1953,1957,5,0.3185464092502246,1.9099400252103809,3.754570245742798,0.1863658279180526,0.1667834618079888,1.9099400252103804
5474,1954,1955,2,0.019218821156334,0.2880804389715194,0.451094388961792,0.1250664889812469,0.0667133847231955,0.2880804389715194
5476,1955,1990,30,2.8306086848886096,2.8286264659216007,7.594944953918457,0.0552603490650653,1.2008409250175194,2.3571887216013336
5477,1955,1963,9,0.5663146946926424,1.8863937192493012,4.854584217071533,0.5704731941223145,0.3002102312543798,1.8863937192493008
5480,1956,1974,19,1.617011354165054,2.551387884114918,7.320014953613281,0.5418952703475952,0.6337771548703575,2.551387884114918
5481,1960,2022,55,4.156329739631559,2.265501351586797,32.38154602050781,0.0576707981526851,2.101471618780659,1.977818640274188
5497,1967,2065,92,4.385007924731161,1.428892562246841,11.339635848999023,0.1544312834739685,3.302312543798178,1.3278597548152462
5506,1971,1981,11,0.9968847473685192,2.716872678561644,5.75993537902832,0.2499872148036956,0.3669236159775753,2.716872678561644
5507,1971,1971,1,0.0023909018999559,0.0716768279671669,0.0716768279671669,0.0716768279671669,0.0333566923615977,0.0716768279671669
5509,1972,2027,56,1.8455320322219109,0.9879855229519308,5.010157585144043,0.036557350307703,1.8679747722494744,0.9879855229519308
5511,1976,2101,115,0.9702523907998964,0.252932071916597,1.712671995162964,0.0077095194719731,4.202943237561318,0.2308507005587989
5516,1978,1983,6,0.6653328595498933,3.324334700902303,5.866977214813232,2.0467841625213623,0.2001401541695865,3.3243347009023028
5519,1979,2016,38,3.580565529869584,2.8247827350309023,9.8028564453125,0.2330590337514877,1.267554309740715,2.824782735030902
5528,1982,2106,103,4.545063285457561,1.3228778062225546,8.2818021774292,0.1048407927155494,4.16958654519972,1.090051312327385
5569,1998,2009,12,1.3834103610186457,3.456103965640068,9.106696128845217,0.7519232630729675,0.4002803083391731,3.456103965640068
5571,1999,2072,48,9.691042961047591,6.052660322748125,42.99641036987305,0.1858110427856445,2.4683952347582343,3.926049939079864
5572,1999,2070,65,1.8280483545742008,0.8431237886158319,4.70149564743042,0.0361507199704647,2.4016818500350388,0.7611534202781816
5599,2005,2046,11,1.9816106910503408,5.400608204982498,35.67681884765625,0.2225995808839798,1.4009810791871058,1.4144450060668448
5606,2007,2007,1,0.0235045442400733,0.7046425342559814,0.7046425342559814,0.7046425342559814,0.0333566923615977,0.7046425342559814
5628,2013,2100,83,3.976643548280356,1.4363345002014951,16.52533721923828,0.0800752788782119,2.9353889278206027,1.3547245854173195
5641,2019,2025,6,0.3844610096945492,1.920958896478017,2.8591196537017822,0.4146724939346313,0.2334968465311843,1.6465361969811574
5644,2021,2023,3,0.1558188981248017,1.557097812493642,2.820730209350586,0.4171064496040344,0.1000700770847932,1.557097812493642
5664,2029,2055,27,1.666018896118151,1.8498357957987877,8.846146583557129,0.0595146007835865,0.9006306937631395,1.8498357957987872
5666,2030,2166,133,2.4616891593887056,0.5548793881417329,20.30689239501953,0.002016635145992,4.569866853538893,0.5386785300937991
5670,2034,2229,144,6.3594447904687375,1.323956541199651,7.62946605682373,0.0635489150881767,6.537911702873161,0.9727027649630088
5678,2039,2085,47,2.36732388683572,1.50999963638234,12.313761711120604,0.0089297862723469,1.5677645409950949,1.5099996363823402
5680,2040,2042,3,0.0105109851376611,0.105036245038112,0.2155957967042923,0.0135504566133022,0.1000700770847932,0.105036245038112
5686,2041,2050,10,0.7859753023068139,2.35627469830215,6.804214477539063,0.0575551949441432,0.3335669236159776,2.35627469830215
5687,2041,2043,3,0.4649341401639483,4.646085560321808,9.612028121948242,0.7222294211387634,0.1000700770847932,4.646085560321808
5688,2041,2093,40,2.4771817030172376,1.85658523645252,13.976143836975098,0.091220699250698,1.7679046951646813,1.4011964048698262
5707,2051,2193,143,3.7395114356089327,0.7839635098157646,28.160383224487305,0.0549867823719978,4.77000700770848,0.7839635098157646
5713,2052,2055,4,0.3386439766680016,2.5380512326955795,3.9063003063201904,0.7921678423881531,0.133426769446391,2.5380512326955795
5722,2065,2306,214,5.136152028972734,0.71951709586744,19.35659408569336,0.033257208764553,8.072319551506657,0.6362671839488933
5724,2063,2312,195,9.167841135260938,1.4094493966836197,44.967960357666016,0.0473391413688659,8.33917309039944,1.0993705294132234
5734,2068,2150,48,2.8680608445518736,1.7912827491139371,25.250015258789062,0.202638640999794,2.768605466012614,1.0359225537044456
5735,2070,2082,13,0.1440845480124768,0.3322699580055017,1.774935603141785,0.0295584052801132,0.4336370007007709,0.3322699580055016
5749,2075,2109,35,0.98535951932327,0.8440024214131492,4.323362827301025,0.1265859901905059,1.1674842326559216,0.8440024214131491
5754,2075,2098,24,0.7160895076779402,0.8944850555465867,3.160609006881714,0.0131860319525003,0.8005606166783462,0.8944850555465867
5772,2082,2088,7,1.0883249337471024,4.660983434745243,10.221240043640137,0.3146126866340637,0.2334968465311843,4.660983434745243
5784,2086,2106,21,1.969089732728977,2.8110154547861645,15.866464614868164,0.1435188204050064,0.7004905395935529,2.8110154547861645
5785,2086,2140,36,5.021124947781152,4.181340628200108,19.581085205078125,0.4809211492538452,1.8346180798878768,2.7368775020946154
5790,2087,2095,9,1.221964223366479,4.070361687077416,19.873947143554688,0.4526811242103576,0.3002102312543798,4.070361687077416
5791,2087,2171,67,8.216994863449901,3.6766749247908592,24.50738906860352,0.0389577597379684,2.8353188507358094,2.898084940717501
5802,2091,2123,21,4.476029944018877,6.38985067038309,57.686798095703125,0.1471777558326721,1.100770847932726,4.066268608425603
5803,2091,2117,24,0.9868504112637286,1.2326991744339466,2.9608662128448486,0.1920787394046783,0.9006306937631395,1.0957325994968414
5809,2094,2094,1,0.0278840603156781,0.8359360098838806,0.8359360098838806,0.8359360098838806,0.0333566923615977,0.8359360098838806
5813,2097,2165,51,2.028526792635054,1.1924154445090716,18.533376693725582,0.016058811917901,2.301611772950245,0.8813505459414875
5814,2095,2101,7,0.2356697892507808,1.0093060902186803,1.7757693529129028,0.2247489690780639,0.2334968465311843,1.00930609021868
5818,2096,2111,11,1.0542224166605467,2.8731386336413296,13.868069648742676,0.4340315163135528,0.5337070777855641,1.975282810628414
5827,2098,2119,22,0.1608462317279568,0.219182174060155,0.7542308568954468,0.0228262264281511,0.7338472319551507,0.219182174060155
5829,2098,2101,4,0.1970601674385979,1.4769162759184835,3.605990409851074,0.0229983031749725,0.133426769446391,1.4769162759184835
5830,2098,2110,13,0.3247393890494806,0.7488738011855346,2.287726879119873,0.1544551700353622,0.4336370007007709,0.7488738011855345
5832,2100,2112,13,1.3935837925608208,3.213710523568667,8.34100341796875,0.2941864430904388,0.4336370007007709,3.213710523568667
5841,2101,2126,26,4.060978463952075,4.682463047882686,19.87803077697754,0.0932163596153259,0.8672740014015418,4.682463047882685
5893,2116,2230,115,2.389258283372517,0.622848295647165,3.8246452808380127,0.0779132321476936,3.836019621583743,0.622848295647165
5921,2122,2126,5,0.1838553430988977,1.1023595571517943,2.304002285003662,0.5323253870010376,0.1667834618079888,1.1023595571517943
5942,2130,2130,1,0.0673597848407021,2.019378423690796,2.019378423690796,2.019378423690796,0.0333566923615977,2.019378423690796
5950,2133,2145,13,1.1912225093220028,2.747049968976241,6.55955696105957,0.6219169497489929,0.4336370007007709,2.747049968976241
5954,2134,2256,81,5.003434503354137,1.851826184325748,31.04593276977539,0.0178687870502471,4.102873160476524,1.219495292116956
5958,2135,2168,15,4.890158678404335,9.77346839507421,37.79272079467773,0.5864888429641724,1.1341275402943238,4.311824291944504
5966,2139,2222,36,1.6532515513840556,1.3767448435020115,10.644405364990234,0.0367861203849315,2.801962158374212,0.5900335043580051
5973,2141,2323,135,6.69087972894217,1.485820941985757,23.79176521301269,0.0385238975286483,6.10427470217239,1.0960974162190014
5974,2141,2225,60,3.848424642312209,1.9228648335362477,20.58934211730957,0.0420423783361911,2.8353188507358094,1.35731635308441
5977,2143,2281,119,10.67337602132588,2.6888827735385976,16.10360336303711,0.079138658940792,4.636580238262089,2.301993165835202
5988,2147,2176,30,4.002257063466933,3.999454362442096,46.99563980102539,0.0774034336209297,1.0007007708479327,3.999454362442096
6001,2153,2197,45,3.5164162435812307,2.342635844813453,40.13557815551758,0.0693990886211395,1.5010511562718991,2.342635844813453
6002,2157,2158,2,0.1580366969359196,2.368890404701233,3.639869451522827,1.097911357879639,0.0667133847231955,2.368890404701233
6006,2155,2209,51,3.605271802720442,2.119263001516753,5.746700763702393,0.6805245876312256,1.8346180798878768,1.965134783224626
6041,2166,2185,20,3.2106115486282274,4.8125448318198325,24.216711044311523,0.0455184392631053,0.6671338472319552,4.812544831819832
6043,2167,2386,188,10.234793148490525,1.6320679669783629,12.733344078063965,0.0212896484881639,7.338472319551507,1.394676262690601
6056,2176,2177,2,0.1507982188868372,2.260389268398285,4.218258380889893,0.3025201559066772,0.0667133847231955,2.260389268398285
6066,2181,2198,18,0.7922714339930776,1.3195277034408517,3.11539077758789,0.1111122593283653,0.6004204625087597,1.3195277034408517
6077,2186,2420,224,5.519657235949208,0.7387221334502101,14.58716869354248,0.011406036093831,7.838822704975473,0.7041436506078599
6092,2194,2274,63,1.0222404536055616,0.4864402852124638,4.19411039352417,0.0108284521847963,2.7018920812894187,0.3783424440541384
6108,2199,2223,8,0.9866276766423504,3.697262853384018,8.602115631103516,0.3742477595806122,0.833917309039944,1.1831241130828858
6159,2212,2254,43,0.376089388085105,0.2622042001160078,2.094367504119873,0.0157474558800458,1.4343377715487036,0.2622042001160078
6169,2215,2221,7,0.6936009095612321,2.9704936913081577,5.602439403533936,1.1193746328353882,0.2334968465311843,2.9704936913081577
6178,2223,2246,24,3.5961430224490147,4.492030893762906,37.298095703125,0.8117731809616089,0.8005606166783462,4.492030893762906
6190,2223,2258,24,2.753423450531121,3.439369103560845,12.434941291809082,0.4156346321105957,1.2008409250175194,2.29291273570723
6200,2226,2233,8,1.0222573834945876,3.830780688673258,6.563972473144531,0.436752587556839,0.266853538892782,3.8307806886732574
6219,2233,2274,9,2.53686714289317,8.450302084287008,42.90234756469727,1.3000880479812622,1.4009810791871058,1.810779018061501
6222,2234,2236,3,0.3264728659378872,3.2624424348274865,6.270527362823486,0.168839231133461,0.1000700770847932,3.262442434827487
6235,2237,2240,4,0.1503177272580099,1.1265934705734253,1.7262918949127195,0.3548610210418701,0.133426769446391,1.1265934705734255
6249,2239,2348,66,4.600127735597192,2.089502889832312,14.318127632141112,0.0343642309308052,3.6692361597757537,1.2537017338993872
6250,2240,2303,64,8.910299238627326,4.173777906224132,18.91028594970703,0.2254021763801574,2.134828311142257,4.173777906224132
6252,2241,2261,20,0.8669311356715749,1.2994860615581274,3.7736566066741934,0.0336453989148139,0.7004905395935529,1.2376057729125025
6254,2241,2273,25,5.9254235063137175,7.105528860092163,23.15188407897949,0.414278507232666,1.100770847932726,5.3829764091607295
6256,2242,2368,125,13.45809992592111,3.2276821166872978,32.8178825378418,0.1049472242593765,4.236299929922915,3.176852477054427
6271,2247,2349,81,4.648871462952448,1.720598500267959,48.35432052612305,0.1296155303716659,3.4357393132445693,1.3530920244825697
6278,2248,2433,151,4.336611004366938,0.8609749990583255,48.63134765625,0.0372231528162956,6.204344779257183,0.6989635745043395
6281,2251,2252,2,0.0915187098884716,1.3718193173408508,1.9355566501617432,0.8080819845199585,0.0667133847231955,1.3718193173408508
6291,2253,2263,11,0.9377280891066928,2.555649318478324,8.678498268127441,0.6857026219367981,0.3669236159775753,2.5556493184783244
6303,2256,2262,7,0.1194409973423382,0.5115315222314426,0.6948065757751465,0.1144167110323906,0.2334968465311843,0.5115315222314426
6307,2257,2293,36,2.959865442187785,2.464827256070243,7.714946269989014,0.4781799912452698,1.2341976173791172,2.39821030320348
6325,2265,2275,9,0.7904879319057987,2.633114563094245,10.176984786987305,0.2509223222732544,0.3669236159775753,2.1543664607134736
6332,2266,2271,6,0.5986132079768031,2.990970055262248,7.154608726501465,0.5275917053222656,0.2001401541695865,2.990970055262248
6335,2267,2268,2,0.1036558922471579,1.5537495613098145,2.124336242675781,0.9831628799438475,0.0667133847231955,1.5537495613098145
6337,2268,2381,114,9.519453095270356,2.5033649504184723,37.57255172729492,0.1969048976898193,3.8026629292221448,2.5033649504184723
6363,2280,2331,27,7.20793060937292,8.003203376575753,44.46512222290039,0.399960458278656,1.7345480028030835,4.1555094455297175
6369,2283,2283,1,0.0681462426910721,2.0429556369781494,2.0429556369781494,2.0429556369781494,0.0333566923615977,2.0429556369781494
6371,2285,2343,48,6.781628791452206,4.235549844801426,18.00334358215332,0.3026802241802215,1.968044849334268,3.4458710601774314
6381,2289,2309,21,1.4864362131655426,2.121993273496628,5.604778289794922,0.1764835864305496,0.7004905395935529,2.1219932734966283
6403,2297,2307,11,0.7407023282049416,2.018682624806057,4.195245265960693,0.1407015472650528,0.3669236159775753,2.0186826248060576
6437,2310,2383,74,4.217233198423777,1.708491873197459,6.528021812438965,0.0866930112242698,2.4683952347582343,1.708491873197459
6456,2314,2338,9,0.3344312826653168,1.1139902902974024,5.388956546783447,0.0792480558156967,0.833917309039944,0.4010365045070648
6473,2320,2546,218,3.735558036310676,0.5137076283454758,41.71771240234375,0.0011243156623095,7.571969166082692,0.4933403655476375
6490,2326,2331,6,1.0860984265595446,5.426689267158508,9.878288269042969,1.8507769107818604,0.2001401541695865,5.426689267158508
6502,2330,2408,69,9.52111241923986,4.136715205899184,115.92422485351562,0.1812543720006942,2.635178696566223,3.613080369709413
6508,2332,2390,35,5.802085529153967,4.969733523471015,20.135669708251957,0.2464985251426696,1.968044849334268,2.948147005448907
6520,2336,2460,95,2.328539688947866,0.7348133870253437,8.180829048156738,0.0266253612935543,4.16958654519972,0.5584581741392612
6523,2338,2393,56,1.2107205468986364,0.648146091095571,7.412618637084961,0.0037195025943219,1.8679747722494744,0.648146091095571
6532,2342,2451,42,1.609816883240201,1.1490639717805953,5.491958141326904,0.1197957769036293,3.6692361597757537,0.4387335164980455
6536,2344,2344,1,0.0178047050858345,0.5337671041488647,0.5337671041488647,0.5337671041488647,0.0333566923615977,0.5337671041488647
6537,2344,2377,12,3.519997825836417,8.793832103411356,37.55312347412109,1.0881341695785522,1.1341275402943238,3.103705448262832
6555,2359,2372,14,0.4170051041648533,0.8929566081081118,2.5113391876220703,0.1741706579923629,0.4669936930623686,0.8929566081081118
6556,2360,2449,32,1.2472109469067574,1.1684414530172944,5.66173267364502,0.2600814998149872,3.0021023125437982,0.4154458499617046
6558,2359,2404,40,1.85331690857773,1.3890143007040023,6.281193733215332,0.0642285719513893,1.5344078486334969,1.2078385223513064
6566,2361,2367,5,0.406059930536742,2.4346534490585325,4.647456169128418,1.5455759763717651,0.2334968465311843,1.739038177898952
6575,2362,2363,2,0.3055476707266024,4.580005526542664,6.511850833892822,2.648160219192505,0.0667133847231955,4.580005526542664
6594,2369,2742,281,14.201878541039688,1.515153015794703,28.64117813110352,0.0228256322443485,12.475402943237562,1.1383903674821163
6633,2379,2393,15,0.3174023080222993,0.6343600749969482,1.372323751449585,0.1893309652805328,0.5003503854239664,0.6343600749969484
6635,2379,2399,21,0.8589739802172741,1.226246368317377,5.835747718811035,0.3597483038902282,0.7004905395935529,1.2262463683173772
6641,2380,2574,158,3.888180589915032,0.7377451470333941,9.05738925933838,0.0318961143493652,6.504555010511563,0.5977627345193655
6642,2380,2396,17,0.9502307315054856,1.6757034773335735,5.181146144866943,0.2360116094350814,0.5670637701471619,1.6757034773335735
6652,2383,2384,2,0.3185499925085441,4.774903774261475,7.896275043487549,1.6535325050354004,0.0667133847231955,4.774903774261475
6653,2384,2406,23,1.9005118694498395,2.477192581023859,20.39881706237793,0.02449581772089,0.7672039243167484,2.477192581023859
6671,2393,2444,52,1.0798799648181323,0.6225713921281008,1.6840108633041382,0.2674562335014343,1.7345480028030835,0.6225713921281008
6675,2394,2555,161,3.833319770007642,0.713782988647751,15.069366455078123,0.0015763626433908,5.403784162578837,0.709376920816592
6687,2399,2402,4,0.3005965193251922,2.2528951317071915,7.029756546020508,0.3146217465400696,0.133426769446391,2.2528951317071915
6717,2411,2461,49,1.135154975124732,0.694506152247896,3.088299512863159,0.0664619952440261,1.7011913104414855,0.6672706168656255
6718,2461,2583,120,4.043096914402906,1.01006640351067,23.61085319519043,0.0720853805541992,4.102873160476524,0.9854306375713852
6729,2419,2427,9,0.1701901753162201,0.5669033150706027,1.0213230848312378,0.0519994832575321,0.3002102312543798,0.5669033150706025
6734,2422,2706,285,4.797832338798063,0.5046813170768712,17.22796630859375,0.0216606184840202,9.50665732305536,0.5046813170768712
6737,2426,2578,153,8.60315667970371,1.6857121686627663,10.259368896484377,0.1105549558997154,5.1035739313244575,1.685712168662766
6749,2429,2494,65,3.468025443436136,1.5995062403953992,13.520156860351562,0.1531192660331726,2.201541695865452,1.5752712973591054
6758,2432,2527,91,5.048892125294668,1.6633043362257571,21.520092010498047,0.0163929406553506,3.202242466713385,1.5766739020473324
6763,2435,2447,12,0.4908453351940069,1.2262540149192016,2.3125102519989014,0.0952027887105941,0.4336370007007709,1.1319267830023398
6768,2437,2445,9,0.907078826009768,3.0214787224928537,16.20389175415039,0.2950027287006378,0.3002102312543798,3.021478722492854
6777,2443,2448,6,0.5712999131433932,2.8544992158810296,5.4703779220581055,0.356434553861618,0.2001401541695865,2.8544992158810296
6779,2443,2490,48,0.8707668109047054,0.5438481438905001,1.2881890535354614,0.1603514701128006,1.6011212333566924,0.5438481438905001
6801,2452,2483,27,1.9587715393400893,2.1748887228745,12.851625442504885,0.0740239024162292,1.0674141555711285,1.8350623599253597
6802,2452,2477,26,0.6746689097429792,0.7779189836806976,3.355280637741089,0.0359818749129772,0.8672740014015418,0.7779189836806976
6807,2454,2579,99,11.138797563155716,3.3730294802273164,13.311543464660645,0.2494958788156509,4.202943237561318,2.650237448750034
6808,2454,2506,15,0.6511108123429105,1.3013097047805786,4.499288558959961,0.1058115810155868,1.7679046951646813,0.3682951994662015
6819,2460,2601,88,2.9357885727117177,1.0001361471685497,12.127412796020508,0.0163948815315961,4.736650315346882,0.6198026827523406
6827,2463,2463,1,0.0400257738136125,1.199932336807251,1.199932336807251,1.199932336807251,0.0333566923615977,1.199932336807251
6855,2469,2473,5,0.641497808565355,3.846291482448578,6.67981481552124,0.3627862334251404,0.1667834618079888,3.8462914824485774
6893,2477,2496,20,0.2012984867833591,0.30173628218472,1.3435626029968262,0.0336038842797279,0.6671338472319552,0.30173628218472
6899,2479,2632,128,5.999940218513841,1.4052512296184432,37.69747924804688,0.0490654297173023,5.136930623686055,1.168001022020524
6906,2481,2516,17,1.532989440257932,2.703381032189902,8.331428527832031,0.1161167994141578,1.2008409250175194,1.2765965985341206
6951,2491,2853,330,11.576613128926676,1.0516823869988774,21.637508392333984,0.061686597764492,12.108479327259989,0.9560748972717066
6961,2493,2596,64,3.662434808672853,1.7155640992568806,13.409997940063477,0.0695766359567642,3.469096005606167,1.0557317533888495
6968,2495,2612,79,12.266639246728426,4.654955378438853,32.73126220703125,0.2947915196418762,3.936089698668536,3.1164531770904187
6983,2500,2500,1,0.0913915318045987,2.739825963973999,2.739825963973999,2.739825963973999,0.0333566923615977,2.739825963973999
6988,2503,2505,3,0.2903210864504819,2.901177803675333,5.819250583648682,0.8782393932342529,0.1000700770847932,2.901177803675333
7009,2508,2525,18,0.488994935055713,0.8144208360463381,3.5042717456817627,0.016619998961687,0.6004204625087597,0.814420836046338
7026,2513,2539,27,1.1408774774310133,1.2667539373592094,9.80695629119873,0.148821085691452,0.9006306937631395,1.2667539373592094
7051,2522,2559,38,5.787886768404053,4.566184441902135,16.697786331176758,0.202918455004692,1.267554309740715,4.566184441902135
7074,2529,2541,13,1.622380917331892,3.741334145172284,10.773630142211914,0.0206982530653476,0.4336370007007709,3.741334145172285
7082,2534,2604,37,7.076899396980569,5.734008312225342,20.67096328735352,0.2644316852092743,2.368325157673441,2.988145176793488
7106,2546,2596,51,2.4403885627887263,1.4345174160073786,17.179550170898438,0.0844156742095947,1.7011913104414855,1.4345174160073786
7112,2548,2742,178,17.134037917752156,2.8857369592852806,144.0507049560547,0.1924242228269577,6.504555010511563,2.6341598910398973
7119,2551,2650,73,2.29683196022219,0.9432425484163304,10.589908599853516,0.0376902557909488,3.335669236159776,0.6885670603439211
7120,2551,2551,1,0.0899054453768927,2.695274591445923,2.695274591445923,2.695274591445923,0.0333566923615977,2.695274591445923
7132,2554,2555,2,0.0221360904817908,0.3318088352680206,0.4969467222690582,0.166670948266983,0.0667133847231955,0.3318088352680206
7148,2558,2794,180,2.596395856504131,0.4324296086871376,3.61152720451355,0.0077854571864008,7.905536089698669,0.3284275509016235
7163,2564,2574,11,1.3793024965826248,3.759099814024839,8.263954162597656,0.7896974086761475,0.3669236159775753,3.759099814024839
7164,2564,2565,2,0.2303103959217887,3.4522367119789124,5.45518159866333,1.4492918252944946,0.0667133847231955,3.4522367119789124
7182,2571,2722,130,5.165340390594673,1.1911668935647377,5.942795276641846,0.2039580792188644,5.07021723896286,1.0187611589698415
7196,2575,2821,236,6.981409435241582,0.8868458253889882,19.600875854492188,0.0017076397780328,8.239103013314647,0.8473506671732841
7199,2576,2608,23,3.2380716182505576,4.220613992732504,11.537671089172363,0.3713409304618835,1.100770847932726,2.941640055540836
7229,2586,2722,104,3.65364123133795,1.0531969208789702,15.55172061920166,0.0102592147886753,4.569866853538893,0.7995071516161526
7246,2593,2601,9,0.62956518954803,2.097081058555179,6.308175086975098,0.2865594029426574,0.3002102312543798,2.097081058555179
7254,2598,2601,4,0.0997134253288702,0.747326985001564,0.9825531840324402,0.4890869855880737,0.133426769446391,0.747326985001564
7266,2602,2613,12,0.5633717398816418,1.4074430546412866,3.1752471923828125,0.1219832375645637,0.4002803083391731,1.4074430546412864
7280,2605,2614,7,0.5828064999445887,2.495993023472173,6.512932777404785,0.1146867051720619,0.3335669236159776,1.7471951164305208
7286,2605,2614,10,1.1373256825949651,3.409587708115578,15.821422576904297,0.4153863787651062,0.3335669236159776,3.409587708115578
7300,2608,2609,2,0.2227272967984815,3.3385698795318604,4.996850967407227,1.680288791656494,0.0667133847231955,3.3385698795318604
7305,2609,2637,29,1.0277152764145612,1.062409228805838,11.187092781066896,0.1241569817066192,0.967344078486335,1.062409228805838
7313,2611,2619,9,1.21291415250293,4.040215909481049,9.468021392822266,0.8793236613273621,0.3002102312543798,4.040215909481049
7316,2612,2614,3,0.3490507907105561,3.4880635738372803,5.6792192459106445,1.636436939239502,0.1000700770847932,3.4880635738372803
7334,2618,2665,48,2.922261491223658,1.8251344310119748,10.113418579101562,0.234606921672821,1.6011212333566924,1.8251344310119744
7341,2620,2853,200,11.573475676603726,1.7348056502640248,30.008684158325195,0.0810073912143707,7.805466012613875,1.482739872020534
7350,2624,2842,194,3.504822461970788,0.5416033151295497,7.548190116882324,0.0051472871564328,7.30511562718991,0.4797764526718385
7351,2624,2626,3,0.1874353685826794,1.873041113217672,3.2413482666015625,1.1627260446548462,0.1000700770847932,1.873041113217672
7362,2627,2665,33,1.8677248607336767,1.6967426637808485,13.299616813659668,0.064577616751194,1.3009110021023127,1.4357053308914869
7381,2632,2727,96,2.201498459671124,0.6874864981509745,4.439126968383789,0.1113902181386947,3.202242466713385,0.6874864981509744
7382,2632,2662,31,2.8401632241210324,2.7466203041615023,6.926647186279297,0.3349243700504303,1.0340574632095303,2.7466203041615027
7402,2640,2652,7,1.047750152468932,4.487213288034711,19.853435516357425,0.4070431590080261,0.4336370007007709,2.4161917704802294
7421,2647,2731,78,5.146370035025651,1.9779869747849608,10.564125061035156,0.1358911991119384,2.8353188507358094,1.8150939298026705
7425,2649,2661,11,0.6116847911746501,1.6670630194924094,3.729514598846436,0.2877148985862732,0.4336370007007709,1.4105917857243466
7439,2654,2665,11,2.089759013514128,5.695351627739993,13.581572532653809,0.9144012331962584,0.4002803083391731,5.220738992094994
7454,2662,2832,160,8.35587359783256,1.565629152324982,65.77326965332031,0.050344031304121,5.7039943938332165,1.4649161659181118
7477,2676,2796,94,5.575746797380765,1.7782475147198171,11.770774841308594,0.0270681548863649,4.036159775753329,1.3814484825096105
7485,2678,2687,10,0.1632197337127183,0.4893163025379181,0.9894354939460754,0.1988863199949264,0.3335669236159776,0.4893163025379181
7496,2682,2853,146,8.050777068101366,1.6531108087056303,27.275653839111328,0.063923142850399,5.737351086194814,1.403221965529198
7507,2690,2728,13,1.7488020761579424,4.032870980409475,19.359298706054688,0.2102177143096923,1.3009110021023127,1.3442903268031583
7517,2693,2696,4,0.5550595992916351,4.160031765699387,5.827722072601318,1.2271960973739624,0.133426769446391,4.160031765699387
7518,2693,2696,4,0.5843513129888587,4.37956577539444,7.524203300476074,2.57525634765625,0.133426769446391,4.37956577539444
7533,2700,2790,91,3.5265814888239504,1.1617951298715894,10.08638858795166,0.0070427297614514,3.035459004905396,1.1617951298715896
7540,2702,2853,143,6.09191713575809,1.277129598743432,33.85153579711914,0.0779069736599922,5.07021723896286,1.2015100830283605
7546,2705,2739,18,3.079062808036136,5.128177669313219,19.11133575439453,1.1219831705093384,1.1674842326559216,2.6373485156467984
7552,2710,2769,26,2.0608840552759737,2.376277914414039,34.492408752441406,0.0628775656223297,2.001401541695865,1.029720429579417
7591,2719,2719,1,0.1114725070811688,3.3418333530426025,3.3418333530426025,3.3418333530426025,0.0333566923615977,3.3418333530426025
7608,2725,2846,92,9.83102401322682,3.203523763900866,38.27914810180664,0.0795652940869331,4.069516468114927,2.4157720186793417
7627,2733,2815,65,3.988695163136191,1.8396470581109707,22.092853546142575,0.2480290681123733,2.768605466012614,1.440687455147146
7634,2735,2737,3,0.1956884351157607,1.95551398396492,3.367943525314331,0.1842568814754486,0.1000700770847932,1.95551398396492
7649,2739,2853,111,2.9305171605771294,0.7914770209977219,5.208433628082275,0.0845320746302604,3.836019621583743,0.7639473854847576
7686,2751,2797,30,4.267831235242709,4.264842557907104,20.824621200561523,0.7240213751792908,1.5677645409950949,2.722239930579003
7692,2754,2774,18,1.3334661709234776,2.220887285139826,10.823939323425291,0.3136402070522308,0.7004905395935529,1.9036176729769931
7694,2756,2761,6,0.8847411455603521,4.420607894659042,9.75322151184082,0.7767594456672668,0.2001401541695865,4.420607894659042
7697,2757,2789,12,2.887535357458573,7.213783184687297,52.93527221679688,0.979779839515686,1.100770847932726,2.623193885340835
7701,2758,2773,15,1.5374147153226496,3.072676188747088,9.69268035888672,0.1469029635190963,0.5337070777855641,2.880633926950395
7717,2764,2853,63,2.5745176814345103,1.2251022847162352,5.640271186828613,0.1055871620774269,3.0021023125437982,0.8575715993013646
7738,2770,2813,31,1.2892320003206488,1.2467701710880763,5.751570701599121,0.0258936639875173,1.4676944639103011,0.878406256902963
7747,2773,2781,9,1.17994203437185,3.930385814772712,6.520088195800781,1.5706018209457395,0.3002102312543798,3.9303858147727113
7759,2778,2782,5,0.6280435995865136,3.765622758865357,7.714545249938965,0.4920117855072021,0.1667834618079888,3.765622758865356
7787,2789,2795,7,0.6199273668976204,2.654971046107156,6.620213508605957,0.302132785320282,0.2334968465311843,2.654971046107156
7802,2792,2798,7,0.8361406539734545,3.580950519868306,10.581645965576172,0.369213193655014,0.2334968465311843,3.580950519868306
7811,2794,2802,9,0.3393561558449444,1.130395038260354,2.462075471878052,0.1371088176965713,0.3002102312543798,1.1303950382603538
7816,2796,2797,2,0.2358289219068328,3.534956634044647,5.913598537445068,1.156314730644226,0.0667133847231955,3.5349566340446468
7819,2799,2804,6,0.7340018155780303,3.667439043521881,6.080106735229492,1.337501883506775,0.2001401541695865,3.667439043521881
7821,2800,2853,50,1.6954466270007449,1.0165556036680936,3.9288816452026367,0.0553197525441646,1.801261387526279,0.941255188581568
7824,2802,2802,1,0.0229302725427703,0.6874264478683472,0.6874264478683472,0.6874264478683472,0.0333566923615977,0.6874264478683472
7830,2804,2853,44,1.4187856346598522,0.9666764231568034,5.084859371185303,0.0857594013214111,1.667834618079888,0.8506752523779869
7833,2804,2830,27,3.107360853234955,3.450205366920542,9.983232498168944,0.1681915819644928,0.9006306937631395,3.450205366920542
7841,2806,2822,17,0.948795633069184,1.6731727241593248,5.030694484710693,0.0698518380522728,0.5670637701471619,1.6731727241593248
7849,2810,2853,40,1.0467425401301007,0.7845071453601122,5.330399036407471,0.0431223846971988,1.4676944639103011,0.7131883139637384
7854,2812,2852,41,1.9901837521444776,1.4552122434464896,8.043970108032227,0.1400326341390609,1.3676243868255082,1.4552122434464896
7855,2813,2824,10,2.1298032339753683,6.38493532538414,18.88303565979004,0.7894359230995178,0.4002803083391731,5.320779437820116
7859,2817,2821,5,0.1335379732264951,0.8006667554378509,1.804718017578125,0.3488848805427551,0.1667834618079888,0.8006667554378509
7868,2819,2819,1,0.0665291846675645,1.9944778680801392,1.9944778680801392,1.9944778680801392,0.0333566923615977,1.9944778680801392
7895,2828,2853,26,0.6727258978603433,0.7756786168767855,2.7010984420776367,0.1329425573348999,0.8672740014015418,0.7756786168767856
7897,2830,2840,11,0.3031246916065286,0.8261247802187096,2.5353434085845947,0.0316260419785976,0.3669236159775753,0.8261247802187097
7898,2830,2853,24,1.961391868623993,2.4500229311330863,13.898343086242676,0.0164213832467794,0.8005606166783462,2.4500229311330863
7903,2832,2852,14,0.7704578614884436,1.649824982509017,7.377196311950684,0.0423172898590564,0.7004905395935529,1.0998833216726782
7919,2835,2840,6,0.5083821399026429,2.5401306500037517,5.125962257385254,0.4198445975780487,0.2001401541695865,2.5401306500037517
7922,2836,2840,5,0.7963360878330223,4.774670577049255,8.806239128112793,0.7020813226699829,0.1667834618079888,4.774670577049255
7925,2837,2853,17,0.1643158105624769,0.2897660178851391,0.8424156308174133,0.0007147638243623,0.5670637701471619,0.2897660178851391
7928,2840,2853,14,0.8145610394328311,1.744265611150435,9.728779792785645,0.0146208629012107,0.4669936930623686,1.7442656111504349
